name,year,age,team,pos,uniform_number,g,gs,targets,rec,rec_yds,rec_yds_per_rec,rec_td,rec_first_down,rec_success,rec_long,rec_per_g,rec_yds_per_g,catch_pct,rec_yds_per_tgt,rush_att,rush_yds,rush_td,rush_first_down,rush_success,rush_long,rush_yds_per_att,rush_yds_per_g,rush_att_per_g,touches,yds_per_touch,yds_from_scrimmage,rush_receive_td,fumbles,av,awards
Nate Adkins,2023,24,DEN,TE,45,10,1,5,4,22,5.5,0,1,20.0,11,0.4,2.2,80.0%,4.4,,,0,,,,,,,4,5.5,22,0,0,0
Nate Adkins,2024,25,DEN,TE,45,2,2,1,0,0,,0,,0.0,0,0.0,0.0,0.0%,0.0,,,0,,,,,,,,,,0,0,
Jordan Akins,2019,27,HOU,TE,88,16,9,55,36,418,11.6,2,21,49.1,53,2.3,26.1,65.5%,7.6,,,0,,,,,,,36,11.6,418,2,0,4
Jordan Akins,2020,28,HOU,TE,88,13,5,49,37,403,10.9,1,20,65.3,26,2.8,31.0,75.5%,8.2,1,4,0,1,100.0,4,4.0,0.3,0.1,38,10.7,407,1,0,3
Jordan Akins,2021,29,HOU,TE,88,13,3,33,24,214,8.9,0,11,57.6,31,1.8,16.5,72.7%,6.5,1,3,0,1,100.0,3,3.0,0.2,0.1,25,8.7,217,0,2,2
Jordan Akins,2022,30,HOU,TE,88,15,3,54,37,495,13.4,5,23,53.7,46,2.5,33.0,68.5%,9.2,,,0,,,,,,,37,13.4,495,5,1,4
Jordan Akins,2023,31,CLE,TE,84,17,4,23,15,132,8.8,0,6,52.2,28,0.9,7.8,65.2%,5.7,,,0,,,,,,,15,8.8,132,0,0,1
Jordan Akins,2024,32,CLE,TE,88,2,0,5,4,37,9.3,0,2,60.0,13,2.0,18.5,80.0%,7.4,,,0,,,,,,,4,9.3,37,0,0,
Mo Alie-Cox,2019,26,IND,TE,81,16,2,11,8,93,11.6,0,5,63.6,21,0.5,5.8,72.7%,8.5,,,0,,,,,,,8,11.6,93,0,0,1
Mo Alie-Cox,2020,27,IND,TE,81,15,6,39,31,394,12.7,2,19,66.7,45,2.1,26.3,79.5%,10.1,,,0,,,,,,,31,12.7,394,2,1,4
Mo Alie-Cox,2021,28,IND,TE,81,17,7,45,24,316,13.2,4,14,42.2,37,1.4,18.6,53.3%,7.0,,,0,,,,,,,24,13.2,316,4,1,3
Mo Alie-Cox,2022,29,IND,TE,81,17,11,28,19,189,9.9,3,9,50.0,34,1.1,11.1,67.9%,6.8,,,0,,,,,,,19,9.9,189,3,1,1
Mo Alie-Cox,2023,30,IND,TE,81,17,7,22,13,161,12.4,3,9,45.5,35,0.8,9.5,59.1%,7.3,,,0,,,,,,,13,12.4,161,3,0,1
Mo Alie-Cox,2024,31,IND,TE,81,2,1,2,1,22,22.0,0,1,50.0,22,0.5,11.0,50.0%,11.0,,,0,,,,,,,1,22.0,22,0,0,
Erick All,2024,24,CIN,TE,83,2,1,4,4,32,8.0,0,1,75.0,19,2.0,16.0,100.0%,8.0,,,0,,,,,,,4,8.0,32,0,0,
Davis Allen,2023,22,LAR,TE,87,15,1,11,10,95,9.5,1,7,81.8,21,0.7,6.3,90.9%,8.6,,,0,,,,,,,10,9.5,95,1,0,1
Davis Allen,2024,23,LAR,TE,87,1,0,1,0,0,,0,,0.0,0,0.0,0.0,0.0%,0.0,,,0,,,,,,,,,,0,0,
Stephen Anderson,2019,26,LAC,TE,82,1,0,,,,,0,,,,,,,,,,0,,,,,,,,,,0,,0
Stephen Anderson,2020,27,LAC,TE,82,16,3,11,8,106,13.3,0,7,63.6,23,0.5,6.6,72.7%,9.6,,,0,,,,,,,8,13.3,106,0,0,1
Stephen Anderson,2021,28,LAC,TE,82,17,4,19,16,165,10.3,1,9,63.2,34,0.9,9.7,84.2%,8.7,,,0,,,,,,,16,10.3,165,1,0,2
Stephen Anderson,2022,29,ARI,TE,89,16,0,7,3,9,3.0,0,,14.3,6,0.2,0.6,42.9%,1.3,,,0,,,,,,,3,3.0,9,0,0,0
Stephen Anderson,2023,30,LAC,TE,40,3,0,,,,,0,,,,,,,,,,0,,,,,,,,,,0,0,0
Mark Andrews,2019,24,BAL,TE,89,15,4,98,64,852,13.3,10,44,54.1,51,4.3,56.8,65.3%,8.7,,,0,,,,,,,64,13.3,852,10,2,11,PB
Mark Andrews,2020,25,BAL,TE,89,14,2,88,58,701,12.1,7,37,56.8,39,4.1,50.1,65.9%,8.0,,,0,,,,,,,58,12.1,701,7,2,8,
Mark Andrews,2021,26,BAL,TE,89,17,9,153,107,1361,12.7,9,75,62.1,43,6.3,80.1,69.9%,8.9,1,0,0,0,0.0,0,0.0,0.0,0.1,108,12.6,1361,9,1,10,"AP1,PB"
Mark Andrews,2022,27,BAL,TE,89,15,15,113,73,847,11.6,5,48,56.6,36,4.9,56.5,64.6%,7.5,3,8,0,3,100.0,4,2.7,0.5,0.2,76,11.3,855,5,1,8,PB
Mark Andrews,2023,28,BAL,TE,89,10,9,61,45,544,12.1,6,27,62.3,38,4.5,54.4,73.8%,8.9,1,0,0,0,0.0,0,0.0,0.0,0.1,46,11.8,544,6,1,6,
Mark Andrews,2024,29,BAL,TE,89,2,1,7,6,65,10.8,0,5,71.4,16,3.0,32.5,85.7%,9.3,,,0,,,,,,,6,10.8,65,0,0,,
John Bates,2021,24,WAS,TE,87,17,8,25,20,249,12.5,1,11,68.0,32,1.2,14.6,80.0%,10.0,,,0,,,,,,,20,12.5,249,1,1,2
John Bates,2022,25,WAS,TE,87,16,7,22,14,108,7.7,1,4,50.0,20,0.9,6.8,63.6%,4.9,,,0,,,,,,,14,7.7,108,1,1,1
John Bates,2023,26,WAS,TE,87,17,4,28,19,151,7.9,0,6,50.0,35,1.1,8.9,67.9%,5.4,,,0,,,,,,,19,7.9,151,0,0,1
John Bates,2024,27,WAS,TE,87,2,1,2,1,5,5.0,0,,0.0,5,0.5,2.5,50.0%,2.5,,,0,,,,,,,1,5.0,5,0,0,
Andrew Beck,2019,23,DEN,TE,83,16,6,12,9,90,10.0,1,6,50.0,29,0.6,5.6,75.0%,7.5,1,3,0,1,100.0,3,3.0,0.2,0.1,10,9.3,93,1,0,1
Andrew Beck,2020,24,DEN,TE,83,10,0,,,,,0,,,,,,,,,,0,,,,,,,,,,0,,0
Andrew Beck,2021,25,DEN,TE,83,12,0,,,,,0,,,,,,,,,,0,,,,,,,,,,0,0,0
Andrew Beck,2022,26,DEN,TE,83,13,4,11,5,69,13.8,0,2,45.5,27,0.4,5.3,45.5%,6.3,2,0,0,0,0.0,1,0.0,0.0,0.2,7,9.9,69,0,0,0
Andrew Beck,2023,27,HOU,FB,47,15,12,13,11,55,5.0,2,4,53.8,26,0.7,3.7,84.6%,4.2,5,3,1,2,40.0,2,0.6,0.2,0.3,16,3.6,58,3,1,1
Blake Bell,2019,28,KAN,TE,81,15,7,15,8,67,8.4,0,3,26.7,30,0.5,4.5,53.3%,4.5,,,0,,,,,,,8,8.4,67,0,0,1
Blake Bell,2020,29,DAL,TE,80,16,2,15,11,110,10.0,0,7,60.0,24,0.7,6.9,73.3%,7.3,1,2,0,1,100.0,2,2.0,0.1,0.1,12,9.3,112,0,0,1
Blake Bell,2021,30,KAN,TE,81,16,5,13,9,87,9.7,0,4,53.8,24,0.6,5.4,69.2%,6.7,4,10,0,4,100.0,3,2.5,0.6,0.3,13,7.5,97,0,0,1
Blake Bell,2022,31,KAN,TE,81,3,1,2,2,20,10.0,1,1,50.0,17,0.7,6.7,100.0%,10.0,,,0,,,,,,,2,10.0,20,1,0,0
Blake Bell,2023,32,KAN,TE,81,17,3,9,5,26,5.2,1,1,44.4,8,0.3,1.5,55.6%,2.9,,,0,,,,,,,5,5.2,26,1,1,0
Daniel Bellinger,2022,22,NYG,TE,45,12,11,35,30,268,8.9,2,14,68.6,24,2.5,22.3,85.7%,7.7,1,2,1,1,100.0,2,2.0,0.2,0.1,31,8.7,270,3,1,3
Daniel Bellinger,2023,23,NYG,TE,82,17,13,28,25,255,10.2,0,6,39.3,26,1.5,15.0,89.3%,9.1,,,0,,,,,,,25,10.2,255,0,0,2
Daniel Bellinger,2024,24,NYG,TE,82,2,1,1,1,3,3.0,0,,0.0,3,0.5,1.5,100.0%,3.0,,,0,,,,,,,1,3.0,3,0,0,
Brock Bowers,2024,22,LVR,TE,89,2,1,17,15,156,10.4,0,8,76.5,27,7.5,78.0,88.2%,9.2,,,0,,,,,,,15,10.4,156,0,0,
Pharaoh Brown,2019,25,CLE,TE,86,9,6,3,2,27,13.5,0,1,66.7,18,0.2,3.0,66.7%,9.0,,,0,,,,,,,2,13.5,27,0,0,0
Pharaoh Brown,2020,26,HOU,TE,85,13,9,16,14,163,11.6,2,9,75.0,29,1.1,12.5,87.5%,10.2,,,0,,,,,,,14,11.6,163,2,0,1
Pharaoh Brown,2021,27,HOU,TE,85,15,12,34,23,171,7.4,0,6,35.3,29,1.5,11.4,67.6%,5.0,,,0,,,,,,,23,7.4,171,0,1,1
Pharaoh Brown,2022,28,2TM,TE,,16,8,20,12,117,9.8,0,6,40.0,30,0.8,7.3,60.0%,5.9,,,0,,,,,,,12,9.8,117,0,0,1
Pharaoh Brown,2023,29,NWE,TE,86,17,11,15,13,208,16.0,1,8,66.7,58,0.8,12.2,86.7%,13.9,,,0,,,,,,,13,16.0,208,1,1,1
Harrison Bryant,2020,22,CLE,TE,88,15,9,38,24,238,9.9,3,14,57.9,35,1.6,15.9,63.2%,6.3,,,0,,,,,,,24,9.9,238,3,2,2
Harrison Bryant,2021,23,CLE,TE,88,16,3,28,21,233,11.1,3,14,64.3,41,1.3,14.6,75.0%,8.3,,,0,,,,,,,21,11.1,233,3,0,2
Harrison Bryant,2022,24,CLE,TE,88,17,9,42,31,239,7.7,1,12,52.4,30,1.8,14.1,73.8%,5.7,1,8,0,1,100.0,8,8.0,0.5,0.1,32,7.7,247,1,0,2
Harrison Bryant,2023,25,CLE,TE,88,17,9,20,13,81,6.2,3,4,50.0,23,0.8,4.8,65.0%,4.1,5,8,0,4,80.0,2,1.6,0.5,0.3,18,4.9,89,3,1,1
Harrison Bryant,2024,26,LVR,TE,84,2,0,1,0,0,,0,,0.0,0,0.0,0.0,0.0%,0.0,,,0,,,,,,,,,,0,0,
Grant Calcaterra,2022,24,PHI,TE,47,15,2,9,5,81,16.2,0,3,44.4,40,0.3,5.4,55.6%,9.0,,,0,,,,,,,5,16.2,81,0,0,1
Grant Calcaterra,2023,25,PHI,TE,81,15,1,4,4,39,9.8,0,3,100.0,12,0.3,2.6,100.0%,9.8,,,0,,,,,,,4,9.8,39,0,0,0
Grant Calcaterra,2024,26,PHI,TE,81,2,2,3,3,30,10.0,0,3,100.0,15,1.5,15.0,100.0%,10.0,,,0,,,,,,,3,10.0,30,0,0,
Stephen Carlson,2019,23,CLE,TE,89,9,5,7,5,51,10.2,1,2,71.4,21,0.6,5.7,71.4%,7.3,,,0,,,,,,,5,10.2,51,1,0,0
Stephen Carlson,2020,24,CLE,TE,89,16,2,2,1,11,11.0,0,1,50.0,11,0.1,0.7,50.0%,5.5,,,0,,,,,,,1,11.0,11,0,0,0
Stephen Carlson,2023,27,CHI,TE,88,1,0,,,,,0,,,,,,,,,,0,,,,,,,,,,0,0,0
Tyler Conklin,2019,24,MIN,TE,83,15,1,10,8,58,7.3,0,2,60.0,20,0.5,3.9,80.0%,5.8,,,0,,,,,,,8,7.3,58,0,0,1
Tyler Conklin,2020,25,MIN,TE,83,16,2,26,19,194,10.2,1,11,61.5,30,1.2,12.1,73.1%,7.5,,,0,,,,,,,19,10.2,194,1,1,2
Tyler Conklin,2021,26,MIN,TE,83,17,15,87,61,593,9.7,3,26,47.1,40,3.6,34.9,70.1%,6.8,,,0,,,,,,,61,9.7,593,3,1,5
Tyler Conklin,2022,27,NYJ,TE,83,17,16,87,58,552,9.5,3,25,44.8,30,3.4,32.5,66.7%,6.3,2,3,0,2,100.0,2,1.5,0.2,0.1,60,9.3,555,3,2,4
Tyler Conklin,2023,28,NYJ,TE,83,17,12,87,61,621,10.2,0,27,44.8,37,3.6,36.5,70.1%,7.1,1,0,0,0,0.0,0,0.0,0.0,0.1,62,10.0,621,0,0,4
Tyler Conklin,2024,29,NYJ,TE,83,2,2,4,2,16,8.0,0,1,50.0,10,1.0,8.0,50.0%,4.0,,,0,,,,,,,2,8.0,16,0,0,
Tanner Conner,2022,24,MIA,TE,48,13,0,3,0,0,,0,,0.0,0,0.0,0.0,0.0%,0.0,,,0,,,,,,,,,,0,0,0
Tanner Conner,2023,25,MIA,TE,80,3,0,,,,,0,,,,,,,,,,0,,,,,,,,,,0,0,0
Tanner Conner,2024,26,MIA,TE,80,2,0,,,,,0,,,,,,,,,,0,,,,,,,,,,0,0,
Darrell Daniels,2019,25,ARI,TE,81,11,0,3,1,4,4.0,0,1,33.3,4,0.1,0.4,33.3%,1.3,,,0,,,,,,,1,4.0,4,0,0,0
Darrell Daniels,2020,26,ARI,TE,81,12,8,11,8,92,11.5,1,4,63.6,31,0.7,7.7,72.7%,8.4,,,0,,,,,,,8,11.5,92,1,0,1
Darrell Daniels,2021,27,ARI,TE,81,15,4,4,1,0,0.0,0,,0.0,0,0.1,0.0,25.0%,0.0,,,0,,,,,,,1,0.0,,0,0,0
Darrell Daniels,2023,29,DET,TE,86,3,0,,,,,0,,,,,,,,,,0,,,,,,,,,,0,0,0
Tyler Davis,2020,23,JAX,TE,87,8,0,2,0,0,,0,,0.0,0,0.0,0.0,0.0%,0.0,,,0,,,,,,,,,,0,,0
Tyler Davis,2021,24,GNB,TE,84,14,0,5,4,35,8.8,0,1,60.0,22,0.3,2.5,80.0%,7.0,,,0,,,,,,,4,8.8,35,0,0,0
Tyler Davis,2022,25,GNB,TE,84,17,1,7,4,26,6.5,0,1,14.3,23,0.2,1.5,57.1%,3.7,,,0,,,,,,,4,6.5,26,0,0,0
Josiah Deguara,2020,23,GNB,TE,81,2,1,2,1,12,12.0,0,1,50.0,12,0.5,6.0,50.0%,6.0,,,0,,,,,,,1,12.0,12,0,0,0
Josiah Deguara,2021,24,GNB,TE,81,16,2,33,25,245,9.8,2,9,48.5,62,1.6,15.3,75.8%,7.4,,,0,,,,,,,25,9.8,245,2,0,2
Josiah Deguara,2022,25,GNB,TE,81,17,3,15,13,114,8.8,0,4,80.0,25,0.8,6.7,86.7%,7.6,,,0,,,,,,,13,8.8,114,0,0,1
Josiah Deguara,2023,26,GNB,TE,81,15,4,8,8,65,8.1,0,3,75.0,19,0.5,4.3,100.0%,8.1,,,0,,,,,,,8,8.1,65,0,0,1
Brandon Dillon,2019,22,MIN,TE,86,1,0,,,,,0,,,,,,,,,,0,,,,,,,,,,0,,0
Brandon Dillon,2020,23,MIN,TE,86,3,0,1,1,6,6.0,0,,0.0,6,0.3,2.0,100.0%,6.0,,,0,,,,,,,1,6.0,6,0,0,0
Brandon Dillon,2021,24,MIN,TE,86,1,0,,,,,0,,,,,,,,,,0,,,,,,,,,,0,0,0
Will Dissly,2019,23,SEA,TE,88,6,6,27,23,262,11.4,4,14,66.7,38,3.8,43.7,85.2%,9.7,1,7,0,0,100.0,7,7.0,1.2,0.2,24,11.2,269,4,1,2
Will Dissly,2020,24,SEA,TE,89,16,12,29,24,251,10.5,2,12,62.1,28,1.5,15.7,82.8%,8.7,,,0,,,,,,,24,10.5,251,2,0,2
Will Dissly,2021,25,SEA,TE,89,15,14,26,21,231,11.0,1,11,61.5,39,1.4,15.4,80.8%,8.9,,,0,,,,,,,21,11.0,231,1,1,2
Will Dissly,2022,26,SEA,TE,89,15,15,38,34,349,10.3,3,20,73.7,38,2.3,23.3,89.5%,9.2,,,0,,,,,,,34,10.3,349,3,0,3
Will Dissly,2023,27,SEA,TE,89,16,14,22,17,172,10.1,1,8,59.1,21,1.1,10.8,77.3%,7.8,,,0,,,,,,,17,10.1,172,1,0,2
Will Dissly,2024,28,LAC,TE,81,2,2,4,4,42,10.5,0,3,100.0,15,2.0,21.0,100.0%,10.5,,,0,,,,,,,4,10.5,42,0,0,
Greg Dulcich,2022,22,DEN,TE,80,10,6,55,33,411,12.5,2,18,50.9,39,3.3,41.1,60.0%,7.5,,,0,,,,,,,33,12.5,411,2,0,3
Greg Dulcich,2023,23,DEN,TE,80,2,1,4,3,25,8.3,0,2,50.0,13,1.5,12.5,75.0%,6.3,,,0,,,,,,,3,8.3,25,0,0,0
Greg Dulcich,2024,24,DEN,TE,80,2,1,11,5,28,5.6,0,,9.1,9,2.5,14.0,45.5%,2.5,,,0,,,,,,,5,5.6,28,0,0,
Payne Durham,2023,23,TAM,TE,87,13,2,7,5,58,11.6,0,3,71.4,25,0.4,4.5,71.4%,8.3,,,0,,,,,,,5,11.6,58,0,0,1
Payne Durham,2024,24,TAM,TE,87,2,0,,,,,0,,,,,,,,,,0,,,,,,,,,,0,0,
Ross Dwelley,2019,24,SFO,TE,82,16,6,22,15,91,6.1,2,8,45.5,25,0.9,5.7,68.2%,4.1,,,0,,,,,,,15,6.1,91,2,0,1
Ross Dwelley,2020,25,SFO,TE,82,16,9,24,19,245,12.9,1,10,62.5,36,1.2,15.3,79.2%,10.2,,,0,,,,,,,19,12.9,245,1,0,2
Ross Dwelley,2021,26,SFO,TE,82,17,2,5,4,51,12.8,1,2,40.0,21,0.2,3.0,80.0%,10.2,,,0,,,,,,,4,12.8,51,1,0,0
Ross Dwelley,2022,27,SFO,TE,82,12,0,5,3,105,35.0,1,3,60.0,56,0.3,8.8,60.0%,21.0,,,0,,,,,,,3,35.0,105,1,0,1
Ross Dwelley,2023,28,SFO,TE,82,12,0,2,1,12,12.0,0,1,50.0,12,0.1,1.0,50.0%,6.0,,,0,,,,,,,1,12.0,12,0,0,0
Ross Dwelley,2024,29,ATL,TE,85,2,0,,,,,0,,,,,,,,,,0,,,,,,,,,,0,0,
Evan Engram,2019,25,NYG,TE,88,8,6,68,44,467,10.6,3,23,41.2,75,5.5,58.4,64.7%,6.9,3,7,0,0,66.7,5,2.3,0.9,0.4,47,10.1,474,3,0,4,
Evan Engram,2020,26,NYG,TE,88,16,14,109,63,654,10.4,1,31,38.5,53,3.9,40.9,57.8%,6.0,6,26,1,1,83.3,9,4.3,1.6,0.4,69,9.9,680,2,1,5,PB
Evan Engram,2021,27,NYG,TE,88,15,12,73,46,408,8.9,3,21,41.1,30,3.1,27.2,63.0%,5.6,1,-3,0,0,0.0,-3,-3.0,-0.2,0.1,47,8.6,405,3,1,3,
Evan Engram,2022,28,JAX,TE,17,17,14,98,73,766,10.5,4,33,55.1,36,4.3,45.1,74.5%,7.8,2,13,0,1,50.0,13,6.5,0.8,0.1,75,10.4,779,4,0,7,
Evan Engram,2023,29,JAX,TE,17,17,15,143,114,963,8.4,4,47,53.1,34,6.7,56.6,79.7%,6.7,,,0,,,,,,,114,8.4,963,4,3,8,PB
Evan Engram,2024,30,JAX,TE,17,1,1,4,1,5,5.0,0,,25.0,5,1.0,5.0,25.0%,1.3,,,0,,,,,,,1,5.0,5,0,0,,
Zach Ertz,2019,29,PHI,TE,86,15,15,135,88,916,10.4,6,50,56.3,30,5.9,61.1,65.2%,6.8,,,0,,,,,,,88,10.4,916,6,1,7,PB
Zach Ertz,2020,30,PHI,TE,86,11,11,72,36,335,9.3,1,16,38.9,42,3.3,30.5,50.0%,4.7,,,0,,,,,,,36,9.3,335,1,0,3,
Zach Ertz,2021,31,2TM,TE,,17,14,112,74,763,10.3,5,40,50.0,47,4.4,44.9,66.1%,6.8,1,4,0,0,100.0,4,4.0,0.2,0.1,75,10.2,767,5,0,8,
Zach Ertz,2022,32,ARI,TE,86,10,10,69,47,406,8.6,4,24,55.1,32,4.7,40.6,68.1%,5.9,,,0,,,,,,,47,8.6,406,4,0,3,
Zach Ertz,2023,33,ARI,TE,86,7,7,43,27,187,6.9,1,8,41.9,17,3.9,26.7,62.8%,4.3,,,0,,,,,,,27,6.9,187,1,0,2,
Zach Ertz,2024,34,WAS,TE,86,2,2,8,7,90,12.9,0,4,87.5,21,3.5,45.0,87.5%,11.3,,,0,,,,,,,7,12.9,90,0,0,,
Gerald Everett,2019,25,LAR,TE,81,13,2,60,37,408,11.0,2,22,45.0,33,2.8,31.4,61.7%,6.8,1,0,0,0,0.0,0,0.0,0.0,0.1,38,10.7,408,2,0,3
Gerald Everett,2020,26,LAR,TE,81,16,7,62,41,417,10.2,1,24,51.6,40,2.6,26.1,66.1%,6.7,1,2,1,1,100.0,2,2.0,0.1,0.1,42,10.0,419,2,1,3
Gerald Everett,2021,27,SEA,TE,81,15,12,63,48,478,10.0,4,26,60.3,41,3.2,31.9,76.2%,7.6,3,20,0,2,66.7,13,6.7,1.3,0.2,51,9.8,498,4,2,5
Gerald Everett,2022,28,LAC,TE,7,16,11,87,58,555,9.6,4,29,48.3,26,3.6,34.7,66.7%,6.4,1,0,0,0,0.0,0,0.0,0.0,0.1,59,9.4,555,4,0,5
Gerald Everett,2023,29,LAC,TE,7,15,12,70,51,411,8.1,3,25,50.0,31,3.4,27.4,72.9%,5.9,3,10,0,0,33.3,6,3.3,0.7,0.2,54,7.8,421,3,3,3
Gerald Everett,2024,30,CHI,TE,14,2,2,4,3,0,0.0,0,,0.0,2,1.5,0.0,75.0%,0.0,,,0,,,,,,,3,0.0,,0,0,
Noah Fant,2019,22,DEN,TE,87,16,11,66,40,562,14.1,3,23,42.4,75,2.5,35.1,60.6%,8.5,3,-12,0,0,0.0,-2,-4.0,-0.8,0.2,43,12.8,550,3,1,4
Noah Fant,2020,23,DEN,TE,87,15,14,93,62,673,10.9,3,34,51.6,37,4.1,44.9,66.7%,7.2,,,0,,,,,,,62,10.9,673,3,0,5
Noah Fant,2021,24,DEN,TE,87,16,16,90,68,670,9.9,4,29,47.8,35,4.3,41.9,75.6%,7.4,,,0,,,,,,,68,9.9,670,4,0,6
Noah Fant,2022,25,SEA,TE,87,17,16,63,50,486,9.7,4,24,54.0,51,2.9,28.6,79.4%,7.7,,,0,,,,,,,50,9.7,486,4,0,4
Noah Fant,2023,26,SEA,TE,87,17,17,43,32,414,12.9,0,16,60.5,51,1.9,24.4,74.4%,9.6,,,0,,,,,,,32,12.9,414,0,0,4
Noah Fant,2024,27,SEA,TE,87,2,2,7,3,25,8.3,0,1,14.3,14,1.5,12.5,42.9%,3.6,,,0,,,,,,,3,8.3,25,0,0,
Luke Farrell,2021,24,JAX,TE,89,15,4,11,7,56,8.0,0,3,54.5,21,0.5,3.7,63.6%,5.1,,,0,,,,,,,7,8.0,56,0,1,0
Luke Farrell,2022,25,JAX,TE,89,17,0,4,4,40,10.0,0,3,75.0,15,0.2,2.4,100.0%,10.0,,,0,,,,,,,4,10.0,40,0,0,0
Luke Farrell,2023,26,JAX,TE,89,17,8,15,13,155,11.9,0,5,73.3,42,0.8,9.1,86.7%,10.3,,,0,,,,,,,13,11.9,155,0,0,1
Luke Farrell,2024,27,JAX,TE,89,2,1,2,2,13,6.5,0,2,100.0,7,1.0,6.5,100.0%,6.5,,,0,,,,,,,2,6.5,13,0,0,
Jake Ferguson,2022,23,DAL,TE,48,16,8,22,19,174,9.2,2,8,63.6,30,1.2,10.9,86.4%,7.9,,,0,,,,,,,19,9.2,174,2,0,2,
Jake Ferguson,2023,24,DAL,TE,87,17,16,102,71,761,10.7,5,40,55.9,40,4.2,44.8,69.6%,7.5,,,0,,,,,,,71,10.7,761,5,0,9,PB
Jake Ferguson,2024,25,DAL,TE,87,1,1,5,3,15,5.0,0,,20.0,7,3.0,15.0,60.0%,3.0,,,0,,,,,,,3,5.0,15,0,0,,
Anthony Firkser,2019,24,TEN,FB,86,15,1,24,14,204,14.6,1,9,41.7,39,0.9,13.6,58.3%,8.5,,,0,,,,,,,14,14.6,204,1,0,2
Anthony Firkser,2020,25,TEN,FB,86,16,1,53,39,387,9.9,1,26,58.5,45,2.4,24.2,73.6%,7.3,,,0,,,,,,,39,9.9,387,1,0,4
Anthony Firkser,2021,26,TEN,FB,86,15,1,43,34,291,8.6,2,15,55.8,24,2.3,19.4,79.1%,6.8,,,0,,,,,,,34,8.6,291,2,2,3
Anthony Firkser,2022,27,ATL,FB,86,11,1,13,9,100,11.1,0,5,38.5,22,0.8,9.1,69.2%,7.7,,,0,,,,,,,9,11.1,100,0,0,1
Anthony Firkser,2023,28,DET,TE,86,2,0,,,,,0,,,,,,,,,,0,,,,,,,,,,0,0,0
Anthony Firkser,2024,29,NYJ,TE,48,1,0,,,,,0,,,,,,,,,,0,,,,,,,,,,0,0,
Tucker Fisk,2023,24,ATL,TE,43,6,2,1,1,9,9.0,0,1,100.0,9,0.2,1.5,100.0%,9.0,,,0,,,,,,,1,9.0,9,0,0,0
John FitzPatrick,2023,23,ATL,TE,87,9,0,1,1,12,12.0,0,1,100.0,12,0.1,1.3,100.0%,12.0,,,0,,,,,,,1,12.0,12,0,0,0
Miller Forristall,2021,23,CLE,TE,86,2,0,,,,,0,,,,,,,,,,0,,,,,,,,,,0,0,0
Miller Forristall,2022,24,CLE,TE,86,4,0,1,0,0,,0,,0.0,0,0.0,0.0,0.0%,0.0,,,0,,,,,,,,,,0,0,0
Jody Fortson,2021,26,KAN,TE,88,6,0,5,5,47,9.4,2,3,80.0,27,0.8,7.8,100.0%,9.4,,,0,,,,,,,5,9.4,47,2,0,0
Jody Fortson,2022,27,KAN,TE,88,13,1,13,9,108,12.0,2,6,69.2,40,0.7,8.3,69.2%,8.3,,,0,,,,,,,9,12.0,108,2,1,1
Cole Fotheringham,2023,26,LVR,TE,85,2,0,1,1,6,6.0,0,,100.0,6,0.5,3.0,100.0%,6.0,,,0,,,,,,,1,6.0,6,0,0,0
Pat Freiermuth,2021,23,PIT,TE,88,16,9,79,60,497,8.3,7,34,55.7,24,3.8,31.1,75.9%,6.3,,,0,,,,,,,60,8.3,497,7,1,4
Pat Freiermuth,2022,24,PIT,TE,88,16,8,98,63,732,11.6,2,37,53.1,57,3.9,45.8,64.3%,7.5,,,0,,,,,,,63,11.6,732,2,0,6
Pat Freiermuth,2023,25,PIT,TE,88,12,9,47,32,308,9.6,2,17,48.9,29,2.7,25.7,68.1%,6.6,,,0,,,,,,,32,9.6,308,2,0,3
Pat Freiermuth,2024,26,PIT,TE,88,2,0,8,8,66,8.3,0,4,62.5,14,4.0,33.0,100.0%,8.3,,,0,,,,,,,8,8.3,66,0,0,
Troy Fumagalli,2019,24,DEN,TE,84,11,5,9,6,38,6.3,1,1,44.4,9,0.5,3.5,66.7%,4.2,,,0,,,,,,,6,6.3,38,1,0,0
Troy Fumagalli,2020,25,DEN,TE,84,8,0,15,8,80,10.0,1,6,53.3,29,1.0,10.0,53.3%,5.3,,,0,,,,,,,8,10.0,80,1,0,1
Zach Gentry,2019,23,PIT,TE,81,4,0,1,1,4,4.0,0,1,100.0,4,0.3,1.0,100.0%,4.0,,,0,,,,,,,1,4.0,4,0,0,0
Zach Gentry,2020,24,PIT,TE,81,2,1,,,,,0,,,,,,,,,,0,,,,,,,,,,0,,0
Zach Gentry,2021,25,PIT,TE,81,17,12,25,19,167,8.8,0,11,48.0,25,1.1,9.8,76.0%,6.7,,,0,,,,,,,19,8.8,167,0,0,1
Zach Gentry,2022,26,PIT,TE,81,17,13,23,19,132,6.9,0,6,39.1,32,1.1,7.8,82.6%,5.7,,,0,,,,,,,19,6.9,132,0,0,1
Zach Gentry,2023,27,LVR,TE,88,1,0,,,,,0,,,,,,,,,,0,,,,,,,,,,0,0,0
Mike Gesicki,2019,24,MIA,TE,88,16,5,89,51,570,11.2,5,25,44.9,34,3.2,35.6,57.3%,6.4,,,0,,,,,,,51,11.2,570,5,1,4
Mike Gesicki,2020,25,MIA,TE,88,15,9,85,53,703,13.3,6,36,57.6,70,3.5,46.9,62.4%,8.3,,,0,,,,,,,53,13.3,703,6,0,6
Mike Gesicki,2021,26,MIA,TE,88,17,9,112,73,780,10.7,2,39,53.6,40,4.3,45.9,65.2%,7.0,,,0,,,,,,,73,10.7,780,2,0,6
Mike Gesicki,2022,27,MIA,TE,88,17,1,52,32,362,11.3,5,19,48.1,32,1.9,21.3,61.5%,7.0,,,0,,,,,,,32,11.3,362,5,0,3
Mike Gesicki,2023,28,NWE,TE,88,17,10,45,29,244,8.4,2,11,44.4,18,1.7,14.4,64.4%,5.4,,,0,,,,,,,29,8.4,244,2,0,2
Mike Gesicki,2024,29,CIN,TE,88,2,1,13,10,109,10.9,0,3,53.8,37,5.0,54.5,76.9%,8.4,,,0,,,,,,,10,10.9,109,0,0,
Reggie Gilliam,2020,23,BUF,FB,86,14,0,2,2,16,8.0,1,2,100.0,15,0.1,1.1,100.0%,8.0,,,0,,,,,,,2,8.0,16,1,0,0
Reggie Gilliam,2021,24,BUF,FB,41,16,5,5,3,23,7.7,0,,60.0,8,0.2,1.4,60.0%,4.6,3,3,0,,0.0,2,1.0,0.2,0.2,6,4.3,26,0,0,0
Reggie Gilliam,2022,25,BUF,FB,41,15,4,10,8,69,8.6,1,4,70.0,14,0.5,4.6,80.0%,6.9,,,0,,,,,,,8,8.6,69,1,0,1
Reggie Gilliam,2023,26,BUF,FB,41,17,0,1,1,3,3.0,0,,0.0,3,0.1,0.2,100.0%,3.0,,,0,,,,,,,1,3.0,3,0,0,0
Reggie Gilliam,2024,27,BUF,FB,41,2,0,,,,,0,,,,,,,,,,0,,,,,,,,,,0,0,
Dallas Goedert,2019,24,PHI,TE,88,15,9,87,58,607,10.5,5,33,57.5,28,3.9,40.5,66.7%,7.0,,,0,,,,,,,58,10.5,607,5,2,5
Dallas Goedert,2020,25,PHI,TE,88,11,9,65,46,524,11.4,3,28,60.0,41,4.2,47.6,70.8%,8.1,,,0,,,,,,,46,11.4,524,3,0,4
Dallas Goedert,2021,26,PHI,TE,88,15,14,76,56,830,14.8,4,42,68.4,45,3.7,55.3,73.7%,10.9,,,0,,,,,,,56,14.8,830,4,1,9
Dallas Goedert,2022,27,PHI,TE,88,12,12,69,55,702,12.8,3,40,69.6,31,4.6,58.5,79.7%,10.2,,,0,,,,,,,55,12.8,702,3,1,7
Dallas Goedert,2023,28,PHI,TE,88,14,14,83,59,592,10.0,3,33,60.2,49,4.2,42.3,71.1%,7.1,1,1,0,0,0.0,1,1.0,0.1,0.1,60,9.9,593,3,0,6
Dallas Goedert,2024,29,PHI,TE,88,2,2,9,7,69,9.9,0,2,44.4,21,3.5,34.5,77.8%,7.7,,,0,,,,,,,7,9.9,69,0,0,
Jimmy Graham,2019,33,GNB,TE,80,16,10,60,38,447,11.8,3,23,48.3,48,2.4,27.9,63.3%,7.5,,,0,,,,,,,38,11.8,447,3,1,4,
Jimmy Graham,2020,34,CHI,TE,80,16,15,76,50,456,9.1,8,32,56.6,30,3.1,28.5,65.8%,6.0,,,0,,,,,,,50,9.1,456,8,1,4,
Jimmy Graham,2021,35,CHI,TE,80,15,6,23,14,167,11.9,3,10,47.8,28,0.9,11.1,60.9%,7.3,,,0,,,,,,,14,11.9,167,3,0,1,
Jimmy Graham,2022,,Missed season - Out of NFL,,,,,,,,,,,,,,,,,,,,,,,,,,,,,,,,
Jimmy Graham,2023,37,NOR,TE,80,13,2,7,6,39,6.5,4,6,85.7,12,0.5,3.0,85.7%,5.6,,,0,,,,,,,6,6.5,39,4,0,0,
Kylen Granson,2021,23,IND,TE,83,17,0,15,11,106,9.6,0,4,60.0,27,0.6,6.2,73.3%,7.1,,,0,,,,,,,11,9.6,106,0,0,1
Kylen Granson,2022,24,IND,TE,83,13,4,40,31,302,9.7,0,17,52.5,32,2.4,23.2,77.5%,7.6,1,0,0,0,0.0,0,0.0,0.0,0.1,32,9.4,302,0,1,2
Kylen Granson,2023,25,IND,TE,83,15,7,50,30,368,12.3,1,19,46.0,46,2.0,24.5,60.0%,7.4,1,2,0,1,100.0,2,2.0,0.1,0.1,31,11.9,370,1,0,3
Kylen Granson,2024,26,IND,TE,83,2,0,3,1,9,9.0,0,,33.3,9,0.5,4.5,33.3%,3.0,,,0,,,,,,,1,9.0,9,0,0,
Noah Gray,2021,22,KAN,TE,83,16,1,10,7,36,5.1,1,2,40.0,8,0.4,2.3,70.0%,3.6,,,0,,,,,,,7,5.1,36,1,0,0
Noah Gray,2022,23,KAN,TE,83,17,8,34,28,299,10.7,1,14,64.7,27,1.6,17.6,82.4%,8.8,1,1,1,1,100.0,1,1.0,0.1,0.1,29,10.3,300,2,0,3
Noah Gray,2023,24,KAN,TE,83,17,10,41,28,305,10.9,2,16,53.7,34,1.6,17.9,68.3%,7.4,1,1,0,0,0.0,1,1.0,0.1,0.1,29,10.6,306,2,0,3
Noah Gray,2024,25,KAN,TE,83,2,1,3,3,37,12.3,0,2,66.7,13,1.5,18.5,100.0%,12.3,,,0,,,,,,,3,12.3,37,0,0,
Peyton Hendershot,2022,23,DAL,TE,49,17,2,16,11,103,9.4,2,8,50.0,29,0.6,6.1,68.8%,6.4,1,2,1,1,100.0,2,2.0,0.1,0.1,12,8.8,105,3,1,1
Peyton Hendershot,2023,24,DAL,TE,89,8,1,7,4,38,9.5,0,1,42.9,24,0.5,4.8,57.1%,5.4,1,0,0,0,0.0,0,0.0,0.0,0.1,5,7.6,38,0,0,0
Peyton Hendershot,2024,25,KAN,TE,88,1,0,,,,,0,,,,,,,,,,0,,,,,,,,,,0,0,
Hunter Henry,2019,25,LAC,TE,86,12,12,76,55,652,11.9,5,36,67.1,30,4.6,54.3,72.4%,8.6,,,0,,,,,,,55,11.9,652,5,1,5
Hunter Henry,2020,26,LAC,TE,86,14,14,93,60,613,10.2,4,35,51.6,33,4.3,43.8,64.5%,6.6,,,0,,,,,,,60,10.2,613,4,0,5
Hunter Henry,2021,27,NWE,TE,85,17,10,75,50,603,12.1,9,34,62.7,35,2.9,35.5,66.7%,8.0,,,0,,,,,,,50,12.1,603,9,0,6
Hunter Henry,2022,28,NWE,TE,85,17,14,59,41,509,12.4,2,23,50.8,39,2.4,29.9,69.5%,8.6,,,0,,,,,,,41,12.4,509,2,0,4
Hunter Henry,2023,29,NWE,TE,85,14,10,61,42,419,10.0,6,29,63.9,24,3.0,29.9,68.9%,6.9,,,0,,,,,,,42,10.0,419,6,1,3
Hunter Henry,2024,30,NWE,TE,85,2,2,15,10,127,12.7,0,8,66.7,35,5.0,63.5,66.7%,8.5,,,0,,,,,,,10,12.7,127,0,0,
Parker Hesse,2021,26,ATL,DE,46,8,1,6,5,43,8.6,0,3,83.3,17,0.6,5.4,83.3%,7.2,,,0,,,,,,,5,8.6,43,0,0,0
Parker Hesse,2022,27,ATL,TE,46,17,7,11,9,89,9.9,0,6,81.8,22,0.5,5.2,81.8%,8.1,,,0,,,,,,,9,9.9,89,0,0,1
Parker Hesse,2023,28,ATL,TE,46,3,0,,,,,0,,,,,,,,,,0,,,,,,,,,,0,0,0
Parker Hesse,2024,29,DET,TE,43,2,0,,,,,0,,,,,,,,,,0,,,,,,,,,,0,0,
Connor Heyward,2022,23,PIT,TE,83,17,0,17,12,151,12.6,1,6,58.8,45,0.7,8.9,70.6%,8.9,2,27,0,2,100.0,21,13.5,1.6,0.1,14,12.7,178,1,0,1
Connor Heyward,2023,24,PIT,TE,83,17,7,34,23,167,7.3,0,8,47.1,13,1.4,9.8,67.6%,4.9,1,0,0,0,0.0,0,0.0,0.0,0.1,24,7.0,167,0,0,1
Connor Heyward,2024,25,PIT,TE,83,2,1,,,,,0,,,,,,,,,,0,,,,,,,,,,0,0,
Tyler Higbee,2019,26,LAR,TE,89,15,15,89,69,734,10.6,3,36,66.3,33,4.6,48.9,77.5%,8.2,,,0,,,,,,,69,10.6,734,3,0,6
Tyler Higbee,2020,27,LAR,TE,89,15,15,60,44,521,11.8,5,27,61.7,44,2.9,34.7,73.3%,8.7,1,1,0,0,0.0,1,1.0,0.1,0.1,45,11.6,522,5,0,4
Tyler Higbee,2021,28,LAR,TE,89,15,15,85,61,560,9.2,5,33,60.0,37,4.1,37.3,71.8%,6.6,,,0,,,,,,,61,9.2,560,5,1,5
Tyler Higbee,2022,29,LAR,TE,89,17,17,108,72,620,8.6,3,32,51.9,26,4.2,36.5,66.7%,5.7,,,0,,,,,,,72,8.6,620,3,0,6
Tyler Higbee,2023,30,LAR,TE,89,15,15,70,47,495,10.5,2,26,57.1,33,3.1,33.0,67.1%,7.1,,,0,,,,,,,47,10.5,495,2,0,5
Julian Hill,2023,23,MIA,TE,89,15,4,9,6,48,8.0,0,2,55.6,18,0.4,3.2,66.7%,5.3,,,0,,,,,,,6,8.0,48,0,1,0
Julian Hill,2024,24,MIA,TE,89,2,2,3,1,6,6.0,0,,33.3,6,0.5,3.0,33.3%,2.0,,,0,,,,,,,1,6.0,6,0,0,
T.J. Hockenson,2019,22,DET,TE,88,12,7,59,32,367,11.5,2,19,45.8,39,2.7,30.6,54.2%,6.2,,,0,,,,,,,32,11.5,367,2,0,3,
T.J. Hockenson,2020,23,DET,TE,88,16,16,101,67,723,10.8,6,40,53.5,51,4.2,45.2,66.3%,7.2,1,0,0,0,0.0,0,0.0,0.0,0.1,68,10.6,723,6,1,6,PB
T.J. Hockenson,2021,24,DET,TE,88,12,12,84,61,583,9.6,4,32,56.0,33,5.1,48.6,72.6%,6.9,,,0,,,,,,,61,9.6,583,4,0,5,
T.J. Hockenson,2022,25,2TM,TE,,17,14,129,86,914,10.6,6,44,47.3,81,5.1,53.8,66.7%,7.1,,,0,,,,,,,86,10.6,914,6,1,8,PB
T.J. Hockenson,2023,26,MIN,TE,87,15,11,127,95,960,10.1,5,48,53.5,29,6.3,64.0,74.8%,7.6,,,0,,,,,,,95,10.1,960,5,1,7,
Jacob Hollister,2019,26,SEA,TE,48,11,3,59,41,349,8.5,3,16,50.8,22,3.7,31.7,69.5%,5.9,,,0,,,,,,,41,8.5,349,3,0,3
Jacob Hollister,2020,27,SEA,TE,86,16,5,40,25,209,8.4,3,14,50.0,20,1.6,13.1,62.5%,5.2,,,0,,,,,,,25,8.4,209,3,0,2
Jacob Hollister,2021,28,JAX,TE,86,7,2,14,9,55,6.1,1,2,57.1,11,1.3,7.9,64.3%,3.9,,,0,,,,,,,9,6.1,55,1,0,0
Jacob Hollister,2022,29,2TM,TE,,5,0,,,,,0,,,,,,,,,,0,,,,,,,,,,0,0,0
J.P. Holtz,2019,26,2TM,TE,,15,7,8,7,91,13.0,0,4,75.0,30,0.5,6.1,87.5%,11.4,,,0,,,,,,,7,13.0,91,0,0,1
J.P. Holtz,2020,27,CHI,TE,81,16,1,1,0,0,,0,,0.0,0,0.0,0.0,0.0%,0.0,,,0,,,,,,,,,,0,0,0
J.P. Holtz,2021,28,CHI,TE,81,13,0,,,,,0,,,,,,,,,,0,,,,,,,,,,0,0,0
J.P. Holtz,2022,29,NOR,TE,88,6,2,,,,,0,,,,,,,,,,0,,,,,,,,,,0,0,0
J.P. Holtz,2023,30,NOR,TE,84,1,0,,,,,0,,,,,,,,,,0,,,,,,,,,,0,0,0
Austin Hooper,2019,25,ATL,TE,81,13,10,97,75,787,10.5,6,41,61.9,35,5.8,60.5,77.3%,8.1,,,0,,,,,,,75,10.5,787,6,0,6,PB
Austin Hooper,2020,26,CLE,TE,81,13,13,70,46,435,9.5,4,27,51.4,36,3.5,33.5,65.7%,6.2,,,0,,,,,,,46,9.5,435,4,0,4,
Austin Hooper,2021,27,CLE,TE,81,16,16,61,38,345,9.1,3,18,55.7,34,2.4,21.6,62.3%,5.7,,,0,,,,,,,38,9.1,345,3,0,3,
Austin Hooper,2022,28,TEN,TE,81,17,2,60,41,444,10.8,2,28,60.0,24,2.4,26.1,68.3%,7.4,,,0,,,,,,,41,10.8,444,2,0,4,
Austin Hooper,2023,29,LVR,TE,81,17,9,31,25,234,9.4,0,12,61.3,21,1.5,13.8,80.6%,7.5,,,0,,,,,,,25,9.4,234,0,0,2,
Austin Hooper,2024,30,NWE,TE,81,2,1,5,3,36,12.0,0,2,40.0,16,1.5,18.0,60.0%,7.2,,,0,,,,,,,3,12.0,36,0,0,,
Brycen Hopkins,2020,23,LAR,TE,88,5,0,,,,,0,,,,,,,,,,0,,,,,,,,,,0,,0
Brycen Hopkins,2021,24,LAR,TE,88,5,0,1,1,9,9.0,0,1,100.0,9,0.2,1.8,100.0%,9.0,,,0,,,,,,,1,9.0,9,0,0,0
Brycen Hopkins,2022,25,LAR,TE,88,14,1,11,7,109,15.6,0,5,54.5,22,0.5,7.8,63.6%,9.9,,,0,,,,,,,7,15.6,109,0,0,1
Brycen Hopkins,2023,26,LAR,TE,88,15,0,7,5,78,15.6,0,3,57.1,29,0.3,5.2,71.4%,11.1,,,0,,,,,,,5,15.6,78,0,0,1
Tanner Hudson,2019,25,TAM,TE,88,9,1,5,2,26,13.0,0,1,20.0,14,0.2,2.9,40.0%,5.2,,,0,,,,,,,2,13.0,26,0,0,0
Tanner Hudson,2020,26,TAM,TE,88,11,0,7,3,41,13.7,0,3,42.9,20,0.3,3.7,42.9%,5.9,,,0,,,,,,,3,13.7,41,0,0,0
Tanner Hudson,2021,27,SFO,TE,84,2,0,,,,,0,,,,,,,,,,0,,,,,,,,,,0,0,0
Tanner Hudson,2022,28,NYG,TE,88,11,0,15,10,132,13.2,0,8,60.0,27,0.9,12.0,66.7%,8.8,,,0,,,,,,,10,13.2,132,0,0,1
Tanner Hudson,2023,29,CIN,TE,87,12,1,50,39,352,9.0,1,21,58.0,26,3.3,29.3,78.0%,7.0,,,0,,,,,,,39,9.0,352,1,0,3
Tanner Hudson,2024,30,CIN,TE,87,1,0,3,2,18,9.0,0,,33.3,13,2.0,18.0,66.7%,6.0,,,0,,,,,,,2,9.0,18,0,1,
Tommy Hudson,2021,24,TEN,TE,89,5,0,6,3,31,10.3,0,2,33.3,14,0.6,6.2,50.0%,5.2,,,0,,,,,,,3,10.3,31,0,0,0
Hayden Hurst,2019,26,BAL,TE,81,16,4,39,30,349,11.6,2,16,69.2,61,1.9,21.8,76.9%,8.9,,,0,,,,,,,30,11.6,349,2,0,5
Hayden Hurst,2020,27,ATL,TE,81,16,9,88,56,571,10.2,6,35,51.1,42,3.5,35.7,63.6%,6.5,,,0,,,,,,,56,10.2,571,6,0,5
Hayden Hurst,2021,28,ATL,TE,81,13,5,31,26,221,8.5,3,11,58.1,33,2.0,17.0,83.9%,7.1,,,0,,,,,,,26,8.5,221,3,3,2
Hayden Hurst,2022,29,CIN,TE,88,13,13,68,52,414,8.0,2,26,61.8,29,4.0,31.8,76.5%,6.1,,,0,,,,,,,52,8.0,414,2,0,4
Hayden Hurst,2023,30,CAR,TE,81,9,8,32,18,184,10.2,1,7,46.9,48,2.0,20.4,56.3%,5.8,,,0,,,,,,,18,10.2,184,1,0,1
Hayden Hurst,2024,31,LAC,TE,88,2,1,5,3,38,12.7,0,1,40.0,27,1.5,19.0,60.0%,7.6,,,0,,,,,,,3,12.7,38,0,0,
Tyree Jackson,2021,24,PHI,TE,80,9,3,7,3,22,7.3,1,2,42.9,13,0.3,2.4,42.9%,3.1,,,0,,,,,,,3,7.3,22,1,0,0
Tyree Jackson,2022,25,PHI,TE,80,5,0,,,,,0,,,,,,,,,,0,,,,,,,,,,0,0,0
Tyree Jackson,2023,26,NYG,TE,84,2,1,,,,,0,,,,,,,,,,0,,,,,,,,,,0,0,0
Theo Johnson,2024,23,NYG,TE,84,2,2,4,1,18,18.0,0,1,25.0,18,0.5,9.0,25.0%,4.5,,,0,,,,,,,1,18.0,18,0,0,
Brevin Jordan,2021,21,HOU,TE,9,9,2,28,20,178,8.9,3,10,53.6,27,2.2,19.8,71.4%,6.4,,,0,,,,,,,20,8.9,178,3,0,1
Brevin Jordan,2022,22,HOU,TE,9,11,3,28,14,128,9.1,0,7,39.3,20,1.3,11.6,50.0%,4.6,,,0,,,,,,,14,9.1,128,0,0,1
Brevin Jordan,2023,23,HOU,TE,9,14,6,21,17,219,12.9,2,13,81.0,27,1.2,15.6,81.0%,10.4,,,0,,,,,,,17,12.9,219,2,0,2
Brevin Jordan,2024,24,HOU,TE,9,2,1,3,2,7,3.5,0,1,33.3,4,1.0,3.5,66.7%,2.3,,,0,,,,,,,2,3.5,7,0,0,
Dalton Keene,2020,21,NWE,TE,44,6,0,5,3,16,5.3,0,,40.0,8,0.5,2.7,60.0%,3.2,,,0,,,,,,,3,5.3,16,0,1,0
Dalton Keene,2023,24,HOU,TE,40,1,0,,,,,0,,,,,,,,,,0,,,,,,,,,,0,0,0
Travis Kelce,2019,30,KAN,TE,87,16,16,136,97,1229,12.7,5,65,64.0,47,6.1,76.8,71.3%,9.0,1,4,1,1,100.0,4,4.0,0.3,0.1,98,12.6,1233,6,1,13,"AP2,PB"
Travis Kelce,2020,31,KAN,TE,87,15,15,145,105,1416,13.5,11,79,66.2,45,7.0,94.4,72.4%,9.8,,,0,,,,,,,105,13.5,1416,11,1,12,"AP OPoY-4,AP1,PB"
Travis Kelce,2021,32,KAN,TE,87,16,16,134,92,1125,12.2,9,63,60.4,69,5.8,70.3,68.7%,8.4,2,3,1,1,50.0,4,1.5,0.2,0.1,94,12.0,1128,10,1,11,"AP2,PB"
Travis Kelce,2022,33,KAN,TE,87,17,17,152,110,1338,12.2,12,78,63.2,52,6.5,78.7,72.4%,8.8,2,5,0,1,100.0,4,2.5,0.3,0.1,112,12.0,1343,12,1,12,"AP OPoY-6,AP1,PB"
Travis Kelce,2023,34,KAN,TE,87,15,15,121,93,984,10.6,5,50,62.0,53,6.2,65.6,76.9%,8.1,,,0,,,,,,,93,10.6,984,5,1,8,PB
Travis Kelce,2024,35,KAN,TE,87,2,2,7,4,39,9.8,0,2,42.9,23,2.0,19.5,57.1%,5.6,1,1,0,0,100.0,1,1.0,0.5,0.5,5,8.0,40,0,0,,
Ko Kieft,2022,24,TAM,TE,41,17,12,10,7,80,11.4,1,5,70.0,19,0.4,4.7,70.0%,8.0,,,0,,,,,,,7,11.4,80,1,0,1
Ko Kieft,2023,25,TAM,TE,41,16,6,5,1,2,2.0,1,1,20.0,2,0.1,0.1,20.0%,0.4,,,0,,,,,,,1,2.0,2,1,0,0
Ko Kieft,2024,26,TAM,TE,41,2,0,,,,,0,,,,,,,,,,0,,,,,,,,,,0,0,
Dalton Kincaid,2023,24,BUF,TE,86,16,11,91,73,673,9.2,2,29,61.5,51,4.6,42.1,80.2%,7.4,,,0,,,,,,,73,9.2,673,2,1,7
Dalton Kincaid,2024,25,BUF,TE,86,2,2,6,5,44,8.8,0,1,83.3,11,2.5,22.0,83.3%,7.3,,,0,,,,,,,5,8.8,44,0,0,
George Kittle,2019,26,SFO,TE,85,14,14,107,85,1053,12.4,5,53,61.7,61,6.1,75.2,79.4%,9.8,5,22,0,1,40.0,18,4.4,1.6,0.4,90,11.9,1075,5,1,11,"AP1,PB"
George Kittle,2020,27,SFO,TE,85,8,8,63,48,634,13.2,2,32,65.1,44,6.0,79.3,76.2%,10.1,2,17,0,1,100.0,9,8.5,2.1,0.3,50,13.0,651,2,0,5,
George Kittle,2021,28,SFO,TE,85,14,14,94,71,910,12.8,6,42,60.6,48,5.1,65.0,75.5%,9.7,3,20,0,0,100.0,9,6.7,1.4,0.2,74,12.6,930,6,2,8,PB
George Kittle,2022,29,SFO,TE,85,15,15,86,60,765,12.8,11,36,58.1,54,4.0,51.0,69.8%,8.9,,,0,,,,,,,60,12.8,765,11,1,8,"AP2,PB"
George Kittle,2023,30,SFO,TE,85,16,16,90,65,1020,15.7,6,42,60.0,66,4.1,63.8,72.2%,11.3,1,2,0,1,100.0,2,2.0,0.1,0.1,66,15.5,1022,6,0,11,"AP1,PB"
George Kittle,2024,31,SFO,TE,85,2,2,13,11,116,10.5,1,5,61.5,26,5.5,58.0,84.6%,8.9,,,0,,,,,,,11,10.5,116,1,0,,
Cole Kmet,2020,21,CHI,TE,85,16,9,44,28,243,8.7,2,12,54.5,38,1.8,15.2,63.6%,5.5,1,-3,0,0,0.0,-3,-3.0,-0.2,0.1,29,8.3,240,2,1,2
Cole Kmet,2021,22,CHI,TE,85,17,17,93,60,612,10.2,0,29,48.4,25,3.5,36.0,64.5%,6.6,1,0,0,0,0.0,0,0.0,0.0,0.1,61,10.0,612,0,0,5
Cole Kmet,2022,23,CHI,TE,85,17,17,69,50,544,10.9,7,27,59.4,50,2.9,32.0,72.5%,7.9,2,9,0,1,100.0,8,4.5,0.5,0.1,52,10.6,553,7,1,7
Cole Kmet,2023,24,CHI,TE,85,17,17,90,73,719,9.8,6,36,62.2,53,4.3,42.3,81.1%,8.0,3,2,0,2,66.7,1,0.7,0.1,0.2,76,9.5,721,6,1,7
Cole Kmet,2024,25,CHI,TE,85,2,1,6,5,31,6.2,0,1,66.7,12,2.5,15.5,83.3%,5.2,,,0,,,,,,,5,6.2,31,0,0,
Dawson Knox,2019,23,BUF,TE,88,15,11,50,28,388,13.9,2,15,42.0,49,1.9,25.9,56.0%,7.8,1,9,0,1,100.0,9,9.0,0.6,0.1,29,13.7,397,2,0,3,
Dawson Knox,2020,24,BUF,TE,88,12,7,44,24,288,12.0,3,14,50.0,36,2.0,24.0,54.5%,6.5,,,0,,,,,,,24,12.0,288,3,2,3,
Dawson Knox,2021,25,BUF,TE,88,15,14,71,49,587,12.0,9,31,59.2,53,3.3,39.1,69.0%,8.3,0,4,0,0,,,,0.3,0.0,49,12.1,591,9,0,6,
Dawson Knox,2022,26,BUF,TE,88,15,15,65,48,517,10.8,6,25,60.0,45,3.2,34.5,73.8%,8.0,,,0,,,,,,,48,10.8,517,6,0,5,PB
Dawson Knox,2023,27,BUF,TE,88,12,11,36,22,186,8.5,2,13,50.0,17,1.8,15.5,61.1%,5.2,,,0,,,,,,,22,8.5,186,2,0,2,
Dawson Knox,2024,28,BUF,TE,88,2,1,2,1,23,23.0,0,1,50.0,23,0.5,11.5,50.0%,11.5,,,0,,,,,,,1,23.0,23,0,0,,
Charlie Kolar,2022,23,BAL,TE,88,2,0,6,4,49,12.3,0,3,66.7,15,2.0,24.5,66.7%,8.2,,,0,,,,,,,4,12.3,49,0,0,0
Charlie Kolar,2023,24,BAL,TE,88,15,3,9,7,87,12.4,1,5,77.8,19,0.5,5.8,77.8%,9.7,,,0,,,,,,,7,12.4,87,1,0,1
Charlie Kolar,2024,25,BAL,TE,88,2,1,1,1,4,4.0,0,,100.0,4,0.5,2.0,100.0%,4.0,,,0,,,,,,,1,4.0,4,0,0,
Tucker Kraft,2023,23,GNB,TE,85,17,8,40,31,355,11.5,2,18,67.5,43,1.8,20.9,77.5%,8.9,,,0,,,,,,,31,11.5,355,2,0,4
Tucker Kraft,2024,24,GNB,TE,85,2,2,5,4,53,13.3,0,2,60.0,29,2.0,26.5,80.0%,10.6,,,0,,,,,,,4,13.3,53,0,0,
Tyler Kroft,2019,27,BUF,TE,81,11,3,14,6,71,11.8,1,5,35.7,20,0.5,6.5,42.9%,5.1,,,0,,,,,,,6,11.8,71,1,0,1
Tyler Kroft,2020,28,BUF,TE,81,10,4,16,12,119,9.9,3,9,68.8,38,1.2,11.9,75.0%,7.4,,,0,,,,,,,12,9.9,119,3,0,1
Tyler Kroft,2021,29,NYJ,TE,81,9,6,25,16,173,10.8,1,9,48.0,26,1.8,19.2,64.0%,6.9,,,0,,,,,,,16,10.8,173,1,0,1
Tyler Kroft,2022,30,SFO,TE,47,11,4,5,4,57,14.3,0,2,80.0,28,0.4,5.2,80.0%,11.4,,,0,,,,,,,4,14.3,57,0,0,1
Tyler Kroft,2023,31,MIA,TE,48,8,0,,,,,0,,,,,,,,,,0,,,,,,,,,,0,0,0
Lucas Krull,2022,24,NOR,TE,87,1,0,,,,,0,,,,,,,,,,0,,,,,,,,,,0,0,0
Lucas Krull,2023,25,DEN,TE,85,7,2,14,8,95,11.9,1,5,42.9,35,1.1,13.6,57.1%,6.8,,,0,,,,,,,8,11.9,95,1,0,1
Sam LaPorta,2023,22,DET,TE,87,17,14,120,86,889,10.3,10,48,55.8,48,5.1,52.3,71.7%,7.4,1,4,0,0,100.0,4,4.0,0.2,0.1,87,10.3,893,10,0,9,"AP ORoY-3,AP2,PB"
Sam LaPorta,2024,23,DET,TE,87,2,2,8,6,58,9.7,0,3,50.0,18,3.0,29.0,75.0%,7.3,,,0,,,,,,,6,9.7,58,0,0,,
Marcedes Lewis,2019,35,GNB,TE,89,16,11,19,15,156,10.4,1,8,57.9,25,0.9,9.8,78.9%,8.2,,,0,,,,,,,15,10.4,156,1,0,1,
Marcedes Lewis,2020,36,GNB,TE,89,15,15,17,10,107,10.7,3,6,58.8,36,0.7,7.1,58.8%,6.3,,,0,,,,,,,10,10.7,107,3,0,1,
Marcedes Lewis,2021,37,GNB,TE,89,17,17,28,23,214,9.3,0,10,57.1,23,1.4,12.6,82.1%,7.6,,,0,,,,,,,23,9.3,214,0,1,2,
Marcedes Lewis,2022,38,GNB,TE,89,17,17,7,6,66,11.0,2,5,71.4,31,0.4,3.9,85.7%,9.4,,,0,,,,,,,6,11.0,66,2,0,1,
Marcedes Lewis,2023,39,CHI,TE,84,17,4,5,4,29,7.3,1,2,80.0,16,0.2,1.7,80.0%,5.8,,,0,,,,,,,4,7.3,29,1,0,0,
Marcedes Lewis,2024,40,CHI,TE,84,2,1,,,,,0,,,,,,,,,,0,,,,,,,,,,0,0,,
Isaiah Likely,2022,22,BAL,TE,80,16,2,60,36,373,10.4,3,18,35.0,34,2.3,23.3,60.0%,6.2,,,0,,,,,,,36,10.4,373,3,0,4
Isaiah Likely,2023,23,BAL,TE,80,17,8,40,30,411,13.7,5,15,60.0,54,1.8,24.2,75.0%,10.3,,,0,,,,,,,30,13.7,411,5,0,4
Isaiah Likely,2024,24,BAL,TE,80,2,2,15,11,137,12.5,1,7,73.3,49,5.5,68.5,73.3%,9.1,,,0,,,,,,,11,12.5,137,1,0,
Hunter Long,2021,23,MIA,TE,84,7,2,3,1,8,8.0,0,,33.3,8,0.1,1.1,33.3%,2.7,,,0,,,,,,,1,8.0,8,0,0,0
Hunter Long,2022,24,MIA,TE,84,9,0,,,,,0,,,,,,,,,,0,,,,,,,,,,0,0,0
Hunter Long,2023,25,LAR,TE,84,4,1,,,,,0,,,,,,,,,,0,,,,,,,,,,0,0,0
Hunter Long,2024,26,LAR,TE,84,2,0,,,,,0,,,,,,,,,,0,,,,,,,,,,0,0,
Tyler Mabry,2021,25,SEA,TE,85,6,0,,,,,0,,,,,,,,,,0,,,,,,,,,,0,0,0
Tyler Mabry,2022,26,SEA,TE,85,2,0,1,1,7,7.0,1,1,100.0,7,0.5,3.5,100.0%,7.0,,,0,,,,,,,1,7.0,7,1,0,0
Will Mallory,2023,24,IND,TE,86,12,2,26,18,207,11.5,0,11,50.0,43,1.5,17.3,69.2%,8.0,,,0,,,,,,,18,11.5,207,0,1,2
Chris Manhertz,2019,27,CAR,TE,82,15,6,1,1,11,11.0,0,1,100.0,11,0.1,0.7,100.0%,11.0,,,0,,,,,,,1,11.0,11,0,0,0
Chris Manhertz,2020,28,CAR,TE,82,16,12,8,6,52,8.7,0,1,50.0,17,0.4,3.3,75.0%,6.5,,,0,,,,,,,6,8.7,52,0,0,0
Chris Manhertz,2021,29,JAX,TE,84,17,10,9,6,71,11.8,1,4,66.7,22,0.4,4.2,66.7%,7.9,,,0,,,,,,,6,11.8,71,1,0,0
Chris Manhertz,2022,30,JAX,TE,84,17,11,8,6,42,7.0,0,2,37.5,21,0.4,2.5,75.0%,5.3,,,0,,,,,,,6,7.0,42,0,0,0
Chris Manhertz,2023,31,DEN,TE,84,16,4,4,2,16,8.0,0,1,50.0,10,0.1,1.0,50.0%,4.0,,,0,,,,,,,2,8.0,16,0,0,0
Chris Manhertz,2024,32,NYG,TE,85,2,2,,,,,0,,,,,,,,,,0,,,,,,,,,,0,0,
Michael Mayer,2023,22,LVR,TE,87,14,12,40,27,304,11.3,2,19,60.0,32,1.9,21.7,67.5%,7.6,,,0,,,,,,,27,11.3,304,2,0,3
Michael Mayer,2024,23,LVR,TE,87,2,1,4,3,14,4.7,0,2,50.0,11,1.5,7.0,75.0%,3.5,,,0,,,,,,,3,4.7,14,0,0,
Trey McBride,2022,23,ARI,TE,85,16,13,39,29,265,9.1,1,12,46.2,29,1.8,16.6,74.4%,6.8,,,0,,,,,,,29,9.1,265,1,1,2
Trey McBride,2023,24,ARI,TE,85,17,12,106,81,825,10.2,3,42,57.5,38,4.8,48.5,76.4%,7.8,,,0,,,,,,,81,10.2,825,3,1,8
Trey McBride,2024,25,ARI,TE,85,2,2,15,11,97,8.8,0,4,60.0,21,5.5,48.5,73.3%,6.5,,,0,,,,,,,11,8.8,97,0,0,
Sean McKeon,2020,23,DAL,TE,84,14,1,,,,,0,,,,,,,,,,0,,,,,,,,,,0,,0
Sean McKeon,2021,24,DAL,TE,84,9,2,6,4,27,6.8,1,2,33.3,12,0.4,3.0,66.7%,4.5,,,0,,,,,,,4,6.8,27,1,0,0
Sean McKeon,2022,25,DAL,TE,84,13,0,3,2,11,5.5,0,1,33.3,10,0.2,0.8,66.7%,3.7,,,0,,,,,,,2,5.5,11,0,0,0
Sean McKeon,2023,26,DAL,TE,84,9,0,2,0,0,,0,,0.0,0,0.0,0.0,0.0%,0.0,,,0,,,,,,,,,,0,0,0
Tre' McKitty,2021,22,LAC,TE,88,11,4,8,6,45,7.5,0,3,62.5,12,0.5,4.1,75.0%,5.6,,,0,,,,,,,6,7.5,45,0,0,0
Tre' McKitty,2022,23,LAC,TE,88,17,8,18,10,72,7.2,0,,22.2,12,0.6,4.2,55.6%,4.0,,,0,,,,,,,10,7.2,72,0,1,1
Tre' McKitty,2023,24,LAC,TE,88,6,0,,,,,0,,,,,,,,,,0,,,,,,,,,,0,0,0
James Mitchell,2022,23,DET,TE,82,14,0,11,11,113,10.3,1,7,100.0,22,0.8,8.1,100.0%,10.3,,,0,,,,,,,11,10.3,113,1,0,1
James Mitchell,2023,24,DET,TE,82,15,1,2,2,28,14.0,0,1,100.0,24,0.1,1.9,100.0%,14.0,,,0,,,,,,,2,14.0,28,0,0,0
Foster Moreau,2019,22,OAK,TE,87,13,7,25,21,174,8.3,5,14,68.0,23,1.6,13.4,84.0%,7.0,,,0,,,,,,,21,8.3,174,5,0,1
Foster Moreau,2020,23,LVR,TE,87,16,2,9,7,140,20.0,2,5,77.8,47,0.4,8.8,77.8%,15.6,,,0,,,,,,,7,20.0,140,2,0,1
Foster Moreau,2021,24,LVR,TE,87,17,11,44,30,373,12.4,3,16,52.3,44,1.8,21.9,68.2%,8.5,,,0,,,,,,,30,12.4,373,3,1,3
Foster Moreau,2022,25,LVR,TE,87,15,14,54,33,420,12.7,2,24,51.9,33,2.2,28.0,61.1%,7.8,0,2,0,0,,,,0.1,0.0,33,12.8,422,2,1,4
Foster Moreau,2023,26,NOR,TE,87,15,10,25,21,193,9.2,1,9,60.0,23,1.4,12.9,84.0%,7.7,,,0,,,,,,,21,9.2,193,1,0,2
Foster Moreau,2024,27,NOR,TE,87,2,2,4,4,43,10.8,1,2,75.0,22,2.0,21.5,100.0%,10.8,,,0,,,,,,,4,10.8,43,1,0,
Quintin Morris,2022,23,BUF,TE,85,14,1,11,8,84,10.5,1,6,63.6,26,0.6,6.0,72.7%,7.6,,,0,,,,,,,8,10.5,84,1,1,1
Quintin Morris,2023,24,BUF,TE,85,15,0,3,2,26,13.0,1,1,33.3,15,0.1,1.7,66.7%,8.7,,,0,,,,,,,2,13.0,26,1,0,0
Quintin Morris,2024,25,BUF,TE,85,2,0,,,,,0,,,,,,,,,,0,,,,,,,,,,0,0,
Johnny Mundt,2019,25,LAR,TE,82,13,2,7,4,26,6.5,0,1,42.9,9,0.3,2.0,57.1%,3.7,,,0,,,,,,,4,6.5,26,0,0,0
Johnny Mundt,2020,26,LAR,TE,82,16,1,4,4,53,13.3,0,1,100.0,34,0.3,3.3,100.0%,13.3,,,0,,,,,,,4,13.3,53,0,0,0
Johnny Mundt,2021,27,LAR,TE,82,6,0,1,1,9,9.0,0,1,100.0,9,0.2,1.5,100.0%,9.0,,,0,,,,,,,1,9.0,9,0,0,0
Johnny Mundt,2022,28,MIN,TE,86,17,12,21,19,140,7.4,1,9,66.7,17,1.1,8.2,90.5%,6.7,,,0,,,,,,,19,7.4,140,1,0,1
Johnny Mundt,2023,29,MIN,TE,86,17,0,23,17,172,10.1,1,8,52.2,32,1.0,10.1,73.9%,7.5,,,0,,,,,,,17,10.1,172,1,0,1
Johnny Mundt,2024,30,MIN,TE,86,2,1,6,4,27,6.8,0,,16.7,9,2.0,13.5,66.7%,4.5,,,0,,,,,,,4,6.8,27,0,0,
Nick Muse,2022,24,MIN,TE,34,10,0,,,,,0,,,,,,,,,,0,,,,,,,,,,0,0,0
Nick Muse,2023,25,MIN,TE,34,2,0,1,1,22,22.0,0,1,100.0,22,0.5,11.0,100.0%,22.0,,,0,,,,,,,1,22.0,22,0,0,0
Nick Muse,2024,26,MIN,TE,34,2,0,,,,,0,,,,,,,,,,0,,,,,,,,,,0,0,
Luke Musgrave,2023,23,GNB,TE,88,11,9,46,34,352,10.4,1,14,50.0,37,3.1,32.0,73.9%,7.7,,,0,,,,,,,34,10.4,352,1,0,3
Luke Musgrave,2024,24,GNB,TE,88,2,2,3,1,6,6.0,0,,0.0,6,0.5,3.0,33.3%,2.0,,,0,,,,,,,1,6.0,6,0,0,
Chris Myarick,2020,25,MIA,TE,85,3,0,,,,,0,,,,,,,,,,0,,,,,,,,,,0,,0
Chris Myarick,2021,26,NYG,TE,41,8,3,6,3,17,5.7,1,2,50.0,10,0.4,2.1,50.0%,2.8,,,0,,,,,,,3,5.7,17,1,0,0
Chris Myarick,2022,27,NYG,FB,85,16,8,8,7,65,9.3,1,5,75.0,23,0.4,4.1,87.5%,8.1,,,0,,,,,,,7,9.3,65,1,0,1
David Njoku,2019,23,CLE,TE,85,4,1,10,5,41,8.2,1,3,30.0,18,1.3,10.3,50.0%,4.1,,,0,,,,,,,5,8.2,41,1,0,0,
David Njoku,2020,24,CLE,TE,85,13,5,29,19,213,11.2,2,13,58.6,28,1.5,16.4,65.5%,7.3,,,0,,,,,,,19,11.2,213,2,0,2,
David Njoku,2021,25,CLE,TE,85,16,11,53,36,475,13.2,4,17,56.6,71,2.3,29.7,67.9%,9.0,1,1,0,0,0.0,1,1.0,0.1,0.1,37,12.9,476,4,0,4,
David Njoku,2022,26,CLE,TE,85,14,14,80,58,628,10.8,4,36,61.3,38,4.1,44.9,72.5%,7.9,2,-8,0,0,0.0,-2,-4.0,-0.6,0.1,60,10.3,620,4,1,6,
David Njoku,2023,27,CLE,TE,85,16,16,123,81,882,10.9,6,35,43.9,43,5.1,55.1,65.9%,7.2,,,0,,,,,,,81,10.9,882,6,2,7,PB
David Njoku,2024,28,CLE,TE,85,1,1,5,4,44,11.0,0,1,20.0,29,4.0,44.0,80.0%,8.8,,,0,,,,,,,4,11.0,44,0,0,,
Andrew Ogletree,2023,25,IND,TE,85,12,9,21,9,147,16.3,2,8,38.1,33,0.8,12.3,42.9%,7.0,,,0,,,,,,,9,16.3,147,2,0,1
Andrew Ogletree,2024,26,IND,TE,85,2,1,2,1,12,12.0,0,,0.0,12,0.5,6.0,50.0%,6.0,,,0,,,,,,,1,12.0,12,0,0,
Chigoziem Okonkwo,2022,23,TEN,TE,85,17,8,46,32,450,14.1,3,22,50.0,48,1.9,26.5,69.6%,9.8,3,2,0,0,0.0,6,0.7,0.1,0.2,35,12.9,452,3,0,4
Chigoziem Okonkwo,2023,24,TEN,TE,85,17,11,77,54,528,9.8,1,25,48.1,39,3.2,31.1,70.1%,6.9,2,6,0,1,50.0,4,3.0,0.4,0.1,56,9.5,534,1,0,5
Chigoziem Okonkwo,2024,25,TEN,TE,85,2,2,5,5,31,6.2,1,1,20.0,17,2.5,15.5,100.0%,6.2,,,0,,,,,,,5,6.2,31,1,0,
Albert Okwuegbunam,2020,22,DEN,TE,85,4,0,15,11,121,11.0,1,6,60.0,27,2.8,30.3,73.3%,8.1,,,0,,,,,,,11,11.0,121,1,0,1
Albert Okwuegbunam,2021,23,DEN,TE,85,14,6,40,33,330,10.0,2,15,60.0,64,2.4,23.6,82.5%,8.3,,,0,,,,,,,33,10.0,330,2,1,3
Albert Okwuegbunam,2022,24,DEN,TE,85,8,1,18,10,95,9.5,1,4,44.4,25,1.3,11.9,55.6%,5.3,,,0,,,,,,,10,9.5,95,1,0,1
Albert Okwuegbunam,2023,25,PHI,TE,85,4,0,1,0,0,,0,,0.0,0,0.0,0.0,0.0%,0.0,,,0,,,,,,,,,,0,0,0
Josh Oliver,2019,22,JAX,TE,89,4,1,6,3,15,5.0,0,,50.0,6,0.8,3.8,50.0%,2.5,,,0,,,,,,,3,5.0,15,0,0,0
Josh Oliver,2021,24,BAL,TE,84,14,1,15,9,66,7.3,0,4,40.0,19,0.6,4.7,60.0%,4.4,,,0,,,,,,,9,7.3,66,0,1,1
Josh Oliver,2022,25,BAL,TE,84,17,9,25,14,149,10.6,2,7,48.0,40,0.8,8.8,56.0%,6.0,,,0,,,,,,,14,10.6,149,2,0,1
Josh Oliver,2023,26,MIN,TE,84,17,14,28,22,213,9.7,2,12,53.6,33,1.3,12.5,78.6%,7.6,,,0,,,,,,,22,9.7,213,2,1,2
Josh Oliver,2024,27,MIN,TE,84,2,2,2,2,27,13.5,0,1,50.0,22,1.0,13.5,100.0%,13.5,,,0,,,,,,,2,13.5,27,0,0,
Cade Otton,2022,23,TAM,TE,88,16,11,65,42,391,9.3,2,19,52.3,35,2.6,24.4,64.6%,6.0,,,0,,,,,,,42,9.3,391,2,0,3
Cade Otton,2023,24,TAM,TE,88,17,17,67,47,455,9.7,4,22,49.3,27,2.8,26.8,70.1%,6.8,,,0,,,,,,,47,9.7,455,4,1,4
Cade Otton,2024,25,TAM,TE,88,2,2,4,1,5,5.0,0,,25.0,5,0.5,2.5,25.0%,1.3,1,-4,0,,0.0,-4,-4.0,-2.0,0.5,2,0.5,1,0,0,
Donald Parham,2020,23,LAC,TE,89,13,5,20,10,159,15.9,3,8,50.0,26,0.8,12.2,50.0%,8.0,,,0,,,,,,,10,15.9,159,3,0,1
Donald Parham,2021,24,LAC,TE,89,14,9,27,20,190,9.5,3,13,55.6,22,1.4,13.6,74.1%,7.0,,,0,,,,,,,20,9.5,190,3,0,2
Donald Parham,2022,25,LAC,TE,89,6,1,12,10,130,13.0,1,5,83.3,24,1.7,21.7,83.3%,10.8,,,0,,,,,,,10,13.0,130,1,0,1
Donald Parham,2023,26,LAC,TE,89,14,8,41,27,285,10.6,4,22,61.0,24,1.9,20.4,65.9%,7.0,,,0,,,,,,,27,10.6,285,4,0,2
Colby Parkinson,2020,21,SEA,TE,84,6,0,2,2,16,8.0,0,2,100.0,10,0.3,2.7,100.0%,8.0,,,0,,,,,,,2,8.0,16,0,0,0
Colby Parkinson,2021,22,SEA,TE,84,14,1,8,5,33,6.6,0,2,37.5,12,0.4,2.4,62.5%,4.1,,,0,,,,,,,5,6.6,33,0,0,0
Colby Parkinson,2022,23,SEA,TE,84,17,2,34,25,322,12.9,2,14,61.8,39,1.5,18.9,73.5%,9.5,,,0,,,,,,,25,12.9,322,2,0,3
Colby Parkinson,2023,24,SEA,TE,84,17,1,34,25,247,9.9,2,11,52.9,27,1.5,14.5,73.5%,7.3,,,0,,,,,,,25,9.9,247,2,0,2
Colby Parkinson,2024,25,LAR,TE,86,2,2,7,5,59,11.8,0,4,71.4,20,2.5,29.5,71.4%,8.4,,,0,,,,,,,5,11.8,59,0,0,
Kyle Pitts,2021,21,ATL,TE,8,17,15,110,68,1026,15.1,1,43,50.9,61,4.0,60.4,61.8%,9.3,,,0,,,,,,,68,15.1,1026,1,0,8,PB
Kyle Pitts,2022,22,ATL,TE,8,10,10,59,28,356,12.7,2,20,42.4,33,2.8,35.6,47.5%,6.0,,,0,,,,,,,28,12.7,356,2,0,4,
Kyle Pitts,2023,23,ATL,TE,8,17,15,90,53,667,12.6,3,35,52.2,39,3.1,39.2,58.9%,7.4,1,-4,0,0,0.0,-4,-4.0,-0.2,0.1,54,12.3,663,3,0,5,
Kyle Pitts,2024,24,ATL,TE,8,2,2,7,6,46,7.7,1,2,42.9,12,3.0,23.0,85.7%,6.6,,,0,,,,,,,6,7.7,46,1,0,,
MyCole Pruitt,2019,27,TEN,TE,85,16,10,8,6,90,15.0,1,4,75.0,42,0.4,5.6,75.0%,11.3,,,0,,,,,,,6,15.0,90,1,0,1
MyCole Pruitt,2020,28,TEN,TE,85,11,4,8,5,49,9.8,2,4,62.5,22,0.5,4.5,62.5%,6.1,,,0,,,,,,,5,9.8,49,2,0,1
MyCole Pruitt,2021,29,TEN,TE,85,16,9,18,14,145,10.4,3,10,72.2,22,0.9,9.1,77.8%,8.1,,,0,,,,,,,14,10.4,145,3,0,1
MyCole Pruitt,2022,30,ATL,TE,85,13,4,21,16,150,9.4,4,10,61.9,29,1.2,11.5,76.2%,7.1,,,0,,,,,,,16,9.4,150,4,0,2
MyCole Pruitt,2023,31,ATL,TE,85,17,8,12,9,110,12.2,1,6,66.7,22,0.5,6.5,75.0%,9.2,,,0,,,,,,,9,12.2,110,1,1,1
MyCole Pruitt,2024,32,PIT,TE,81,2,2,2,1,9,9.0,0,,50.0,9,0.5,4.5,50.0%,4.5,,,0,,,,,,,1,9.0,9,0,0,
Teagan Quitoriano,2022,22,HOU,TE,84,9,6,14,7,113,16.1,2,5,42.9,52,0.8,12.6,50.0%,8.1,,,0,,,,,,,7,16.1,113,2,0,1
Teagan Quitoriano,2023,23,HOU,TE,84,7,5,3,2,33,16.5,0,2,66.7,22,0.3,4.7,66.7%,11.0,,,0,,,,,,,2,16.5,33,0,0,0
Kevin Rader,2020,25,PIT,TE,87,1,1,1,0,0,,0,,0.0,0,0.0,0.0,0.0%,0.0,,,0,,,,,,,,,,0,,0
Kevin Rader,2021,26,PIT,TE,87,6,1,3,2,8,4.0,0,,33.3,7,0.3,1.3,66.7%,2.7,,,0,,,,,,,2,4.0,8,0,0,0
Kevin Rader,2022,27,TEN,TE,86,14,2,,,,,0,,,,,,,,,,0,,,,,,,,,,0,0,0
Kevin Rader,2023,28,TEN,TE,86,14,0,3,1,6,6.0,0,,33.3,6,0.1,0.4,33.3%,2.0,,,0,,,,,,,1,6.0,6,0,0,0
Giovanni Ricci,2021,25,CAR,FB,45,16,1,2,0,0,,0,,0.0,0,0.0,0.0,0.0%,0.0,,,0,,,,,,,,,,0,0,0
Giovanni Ricci,2022,26,CAR,TE,45,15,3,9,8,100,12.5,0,3,55.6,32,0.5,6.7,88.9%,11.1,,,0,,,,,,,8,12.5,100,0,0,1
Giovanni Ricci,2023,27,CAR,TE,45,5,0,1,1,2,2.0,0,,0.0,2,0.2,0.4,100.0%,2.0,,,0,,,,,,,1,2.0,2,0,0,0
Armani Rogers,2022,25,WAS,TE,88,11,3,6,5,64,12.8,0,4,66.7,23,0.5,5.8,83.3%,10.7,2,26,0,1,50.0,24,13.0,2.4,0.2,7,12.9,90,0,0,1
Jeremy Ruckert,2022,22,NYJ,TE,89,9,0,2,1,8,8.0,0,,50.0,8,0.1,0.9,50.0%,4.0,,,0,,,,,,,1,8.0,8,0,0,0
Jeremy Ruckert,2023,23,NYJ,TE,89,15,6,22,16,151,9.4,0,6,50.0,23,1.1,10.1,72.7%,6.9,,,0,,,,,,,16,9.4,151,0,0,1
Jeremy Ruckert,2024,24,NYJ,TE,89,2,2,3,0,0,,0,,0.0,0,0.0,0.0,0.0%,0.0,,,0,,,,,,,,,,0,0,
Drew Sample,2019,23,CIN,TE,89,9,2,6,5,30,6.0,0,1,33.3,21,0.6,3.3,83.3%,5.0,,,0,,,,,,,5,6.0,30,0,0,0
Drew Sample,2020,24,CIN,TE,89,16,13,53,40,349,8.7,1,16,58.5,23,2.5,21.8,75.5%,6.6,,,0,,,,,,,40,8.7,349,1,1,3
Drew Sample,2021,25,CIN,TE,89,17,8,15,11,81,7.4,0,3,40.0,19,0.6,4.8,73.3%,5.4,,,0,,,,,,,11,7.4,81,0,0,1
Drew Sample,2022,26,CIN,TE,89,2,2,2,2,-2,-1.0,0,,0.0,2,1.0,-1.0,100.0%,-1.0,,,0,,,,,,,2,-1.0,-2,0,0,0
Drew Sample,2023,27,CIN,TE,89,17,10,27,22,163,7.4,2,9,44.4,22,1.3,9.6,81.5%,6.0,,,0,,,,,,,22,7.4,163,2,0,1
Drew Sample,2024,28,CIN,TE,89,2,2,3,3,28,9.3,0,1,100.0,12,1.5,14.0,100.0%,9.3,,,0,,,,,,,3,9.3,28,0,1,
Ja'Tavion Sanders,2024,21,CAR,TE,0,2,1,3,3,12,4.0,0,,66.7,6,1.5,6.0,100.0%,4.0,,,0,,,,,,,3,4.0,12,0,0,
Eric Saubert,2019,25,CHI,TE,43,2,0,3,2,21,10.5,0,1,33.3,11,1.0,10.5,66.7%,7.0,,,0,,,,,,,2,10.5,21,0,0,0
Eric Saubert,2020,26,JAX,TE,85,8,4,4,3,16,5.3,0,,25.0,9,0.4,2.0,75.0%,4.0,,,0,,,,,,,3,5.3,16,0,0,0
Eric Saubert,2021,27,DEN,TE,82,17,4,12,8,47,5.9,1,2,58.3,11,0.5,2.8,66.7%,3.9,,,0,,,,,,,8,5.9,47,1,0,0
Eric Saubert,2022,28,DEN,TE,82,17,6,24,15,148,9.9,1,6,37.5,25,0.9,8.7,62.5%,6.2,,,0,,,,,,,15,9.9,148,1,0,1
Eric Saubert,2023,29,2TM,TE,,10,1,3,3,12,4.0,0,1,100.0,5,0.3,1.2,100.0%,4.0,,,0,,,,,,,3,4.0,12,0,0,0
Eric Saubert,2024,30,SFO,TE,82,2,0,3,2,26,13.0,0,2,66.7,14,1.0,13.0,66.7%,8.7,,,0,,,,,,,2,13.0,26,0,0,
Luke Schoonmaker,2023,25,DAL,TE,86,17,0,15,8,65,8.1,2,5,40.0,18,0.5,3.8,53.3%,4.3,,,0,,,,,,,8,8.1,65,2,0,1
Luke Schoonmaker,2024,26,DAL,TE,86,2,1,6,6,43,7.2,0,3,66.7,15,3.0,21.5,100.0%,7.2,,,0,,,,,,,6,7.2,43,0,0,
Dalton Schultz,2019,23,DAL,TE,86,16,0,2,1,6,6.0,0,,50.0,6,0.1,0.4,50.0%,3.0,,,0,,,,,,,1,6.0,6,0,0,0
Dalton Schultz,2020,24,DAL,TE,86,16,14,89,63,615,9.8,4,33,61.8,28,3.9,38.4,70.8%,6.9,,,0,,,,,,,63,9.8,615,4,1,5
Dalton Schultz,2021,25,DAL,TE,86,17,15,104,78,808,10.4,8,43,62.5,32,4.6,47.5,75.0%,7.8,,,0,,,,,,,78,10.4,808,8,0,7
Dalton Schultz,2022,26,DAL,TE,86,15,15,89,57,577,10.1,5,27,55.1,30,3.8,38.5,64.0%,6.5,,,0,,,,,,,57,10.1,577,5,1,6
Dalton Schultz,2023,27,HOU,TE,86,15,8,88,59,635,10.8,5,35,52.3,31,3.9,42.3,67.0%,7.2,,,0,,,,,,,59,10.8,635,5,1,5
Dalton Schultz,2024,28,HOU,TE,86,2,1,6,5,37,7.4,0,1,83.3,16,2.5,18.5,83.3%,6.2,,,0,,,,,,,5,7.4,37,0,0,
Ben Sims,2023,23,GNB,TE,89,17,1,6,4,21,5.3,1,3,66.7,12,0.2,1.2,66.7%,3.5,,,0,,,,,,,4,5.3,21,1,0,0
Ben Sims,2024,24,GNB,TE,89,2,0,,,,,0,,,,,,,,,,0,,,,,,,,,,0,0,
Stone Smartt,2022,24,LAC,TE,48,7,1,5,4,17,4.3,0,1,20.0,8,0.6,2.4,80.0%,3.4,,,0,,,,,,,4,4.3,17,0,0,0
Stone Smartt,2023,25,LAC,TE,84,16,3,21,11,155,14.1,1,6,42.9,51,0.7,9.7,52.4%,7.4,,,0,,,,,,,11,14.1,155,1,0,1
Stone Smartt,2024,26,LAC,TE,84,2,0,,,,,0,,,,,,,,,,0,,,,,,,,,,0,0,
Irv Smith Jr.,2019,21,MIN,TE,84,16,7,47,36,311,8.6,2,17,59.6,29,2.3,19.4,76.6%,6.6,,,0,,,,,,,36,8.6,311,2,1,3
Irv Smith Jr.,2020,22,MIN,TE,84,13,7,43,30,365,12.2,5,22,58.1,36,2.3,28.1,69.8%,8.5,,,0,,,,,,,30,12.2,365,5,0,3
Irv Smith Jr.,2022,24,MIN,TE,84,8,1,36,25,182,7.3,2,9,44.4,17,3.1,22.8,69.4%,5.1,,,0,,,,,,,25,7.3,182,2,1,2
Irv Smith Jr.,2023,25,CIN,TE,81,12,6,26,18,115,6.4,1,5,38.5,14,1.5,9.6,69.2%,4.4,,,0,,,,,,,18,6.4,115,1,1,1
Jonnu Smith,2019,24,TEN,TE,81,16,14,44,35,439,12.5,3,16,56.8,57,2.2,27.4,79.5%,10.0,4,78,0,2,100.0,57,19.5,4.9,0.3,39,13.3,517,3,0,4
Jonnu Smith,2020,25,TEN,TE,81,15,14,65,41,448,10.9,8,25,55.4,63,2.7,29.9,63.1%,6.9,2,4,1,1,50.0,3,2.0,0.3,0.1,43,10.5,452,9,0,5
Jonnu Smith,2021,26,NWE,TE,81,16,11,45,28,294,10.5,1,15,40.0,28,1.8,18.4,62.2%,6.5,9,40,0,2,44.4,9,4.4,2.5,0.6,37,9.0,334,1,1,3
Jonnu Smith,2022,27,NWE,TE,81,14,8,38,27,245,9.1,0,9,47.4,53,1.9,17.5,71.1%,6.4,1,5,0,1,100.0,5,5.0,0.4,0.1,28,8.9,250,0,1,2
Jonnu Smith,2023,28,ATL,TE,81,17,6,70,50,582,11.6,3,26,51.4,60,2.9,34.2,71.4%,8.3,1,0,0,0,0.0,0,0.0,0.0,0.1,51,11.4,582,3,1,5
Jonnu Smith,2024,29,MIA,TE,9,2,0,9,7,60,8.6,0,2,66.7,15,3.5,30.0,77.8%,6.7,,,0,,,,,,,7,8.6,60,0,0,
Kaden Smith,2019,22,NYG,TE,82,9,6,42,31,268,8.6,3,12,47.6,32,3.4,29.8,73.8%,6.4,,,0,,,,,,,31,8.6,268,3,2,2
Kaden Smith,2020,23,NYG,TE,82,15,12,21,18,112,6.2,0,8,61.9,16,1.2,7.5,85.7%,5.3,,,0,,,,,,,18,6.2,112,0,1,1
Kaden Smith,2021,24,NYG,TE,82,9,4,3,3,33,11.0,0,1,66.7,21,0.3,3.7,100.0%,11.0,,,0,,,,,,,3,11.0,33,0,0,0
Durham Smythe,2019,24,MIA,TE,81,16,14,14,7,65,9.3,0,2,35.7,24,0.4,4.1,50.0%,4.6,,,0,,,,,,,7,9.3,65,0,0,0
Durham Smythe,2020,25,MIA,TE,81,15,13,29,26,208,8.0,2,13,75.9,19,1.7,13.9,89.7%,7.2,,,0,,,,,,,26,8.0,208,2,0,2
Durham Smythe,2021,26,MIA,TE,81,17,12,41,34,357,10.5,0,15,65.9,25,2.0,21.0,82.9%,8.7,2,3,0,2,100.0,2,1.5,0.2,0.1,36,10.0,360,0,0,3
Durham Smythe,2022,27,MIA,TE,81,16,15,20,15,129,8.6,1,7,55.0,26,0.9,8.1,75.0%,6.5,2,1,1,1,50.0,1,0.5,0.1,0.1,17,7.6,130,2,0,1
Durham Smythe,2023,28,MIA,TE,81,16,14,43,35,366,10.5,0,22,72.1,22,2.2,22.9,81.4%,8.5,,,0,,,,,,,35,10.5,366,0,0,4
Durham Smythe,2024,29,MIA,TE,81,2,1,4,1,8,8.0,0,,25.0,8,0.5,4.0,25.0%,2.0,,,0,,,,,,,1,8.0,8,0,0,
Brevyn Spann-Ford,2024,25,DAL,TE,89,2,0,1,0,0,,0,,0.0,0,0.0,0.0,0.0%,0.0,,,0,,,,,,,,,,0,0,
Jack Stoll,2021,23,PHI,TE,47,16,5,5,4,22,5.5,0,,40.0,9,0.3,1.4,80.0%,4.4,,,0,,,,,,,4,5.5,22,0,0,0
Jack Stoll,2022,24,PHI,TE,89,17,11,14,11,123,11.2,0,5,71.4,26,0.6,7.2,78.6%,8.8,,,0,,,,,,,11,11.2,123,0,0,1
Jack Stoll,2023,25,PHI,TE,89,17,10,8,5,38,7.6,0,2,50.0,14,0.3,2.2,62.5%,4.8,,,0,,,,,,,5,7.6,38,0,0,0
Cade Stover,2024,24,HOU,TE,87,2,1,1,1,18,18.0,0,1,100.0,18,0.5,9.0,100.0%,18.0,,,0,,,,,,,1,18.0,18,0,0,
Brenton Strange,2023,23,JAX,TE,85,14,4,9,5,35,7.0,1,2,22.2,17,0.4,2.5,55.6%,3.9,,,0,,,,,,,5,7.0,35,1,0,0
Brenton Strange,2024,24,JAX,TE,85,2,1,6,3,65,21.7,0,2,50.0,30,1.5,32.5,50.0%,10.8,,,0,,,,,,,3,21.7,65,0,0,
Stephen Sullivan,2020,24,SEA,TE,48,1,0,,,,,0,,,,,,,,,,0,,,,,,,,,,0,,0
Stephen Sullivan,2021,25,CAR,TE,84,3,0,1,0,0,,0,,0.0,0,0.0,0.0,0.0%,0.0,,,0,,,,,,,,,,0,0,0
Stephen Sullivan,2022,26,CAR,TE,84,14,0,6,2,46,23.0,0,2,33.3,33,0.1,3.3,33.3%,7.7,,,0,,,,,,,2,23.0,46,0,0,0
Stephen Sullivan,2023,27,CAR,TE,84,11,0,24,12,125,10.4,0,5,37.5,20,1.1,11.4,50.0%,5.2,,,0,,,,,,,12,10.4,125,0,0,1
Geoff Swaim,2019,26,JAX,TE,87,6,2,17,13,65,5.0,0,1,23.5,9,2.2,10.8,76.5%,3.8,,,0,,,,,,,13,5.0,65,0,0,0
Geoff Swaim,2020,27,TEN,WR,87,10,8,12,9,83,9.2,1,6,58.3,16,0.9,8.3,75.0%,6.9,,,0,,,,,,,9,9.2,83,1,0,1
Geoff Swaim,2021,28,TEN,TE,87,16,16,40,31,210,6.8,3,12,52.5,26,1.9,13.1,77.5%,5.3,,,0,,,,,,,31,6.8,210,3,0,2
Geoff Swaim,2022,29,TEN,TE,87,17,13,16,12,58,4.8,1,4,37.5,13,0.7,3.4,75.0%,3.6,,,0,,,,,,,12,4.8,58,1,0,0
Geoff Swaim,2023,30,ARI,TE,87,14,8,11,10,94,9.4,0,4,72.7,26,0.7,6.7,90.9%,8.5,,,0,,,,,,,10,9.4,94,0,0,1
Tommy Sweeney,2019,24,BUF,TE,89,6,1,13,8,114,14.3,0,4,46.2,29,1.3,19.0,61.5%,8.8,,,0,,,,,,,8,14.3,114,0,0,1
Tommy Sweeney,2021,26,BUF,TE,89,13,3,12,9,44,4.9,1,3,33.3,13,0.7,3.4,75.0%,3.7,,,0,,,,,,,9,4.9,44,1,1,0
Tommy Sweeney,2022,27,BUF,TE,89,5,0,1,1,7,7.0,0,1,100.0,7,0.2,1.4,100.0%,7.0,,,0,,,,,,,1,7.0,7,0,0,0
Ian Thomas,2019,23,CAR,TE,80,16,3,30,16,136,8.5,1,10,43.3,19,1.0,8.5,53.3%,4.5,,,0,,,,,,,16,8.5,136,1,0,1
Ian Thomas,2020,24,CAR,TE,80,16,8,31,20,145,7.3,1,11,51.6,21,1.3,9.1,64.5%,4.7,,,0,,,,,,,20,7.3,145,1,1,1
Ian Thomas,2021,25,CAR,TE,80,17,13,30,18,188,10.4,0,6,43.3,41,1.1,11.1,60.0%,6.3,,,0,,,,,,,18,10.4,188,0,0,1
Ian Thomas,2022,26,CAR,TE,80,17,17,30,21,197,9.4,0,8,53.3,50,1.2,11.6,70.0%,6.6,,,0,,,,,,,21,9.4,197,0,0,2
Ian Thomas,2023,27,CAR,TE,80,12,5,9,5,56,11.2,0,1,33.3,28,0.4,4.7,55.6%,6.2,,,0,,,,,,,5,11.2,56,0,0,0
Jordan Thomas,2019,23,HOU,TE,83,5,2,3,1,8,8.0,0,,33.3,8,0.2,1.6,33.3%,2.7,,,0,,,,,,,1,8.0,8,0,0,0
Jordan Thomas,2020,24,2TM,TE,,6,0,2,1,3,3.0,1,1,50.0,3,0.2,0.5,50.0%,1.5,,,0,,,,,,,1,3.0,3,1,0,0
Noah Togiai,2020,23,IND,TE,86,4,0,1,0,0,,0,,0.0,0,0.0,0.0,0.0%,0.0,,,0,,,,,,,,,,0,,0
Noah Togiai,2021,24,PHI,TE,83,1,0,,,,,0,,,,,,,,,,0,,,,,,,,,,0,0,0
Noah Togiai,2022,25,PHI,TE,83,2,0,1,0,0,,0,,0.0,0,0.0,0.0,0.0%,0.0,,,0,,,,,,,,,,0,0,0
Noah Togiai,2023,26,PHI,TE,83,1,0,,,,,0,,,,,,,,,,0,,,,,,,,,,0,0,0
Eric Tomlinson,2019,27,3TM,TE,,8,3,1,1,1,1.0,0,,0.0,1,0.1,0.1,100.0%,1.0,,,0,,,,,,,1,1.0,1,0,0,0
Eric Tomlinson,2020,28,2TM,TE,,7,2,1,0,0,,0,,0.0,0,0.0,0.0,0.0%,0.0,,,0,,,,,,,,,,0,,0
Eric Tomlinson,2021,29,BAL,TE,85,17,7,1,1,7,7.0,0,,100.0,7,0.1,0.4,100.0%,7.0,,,0,,,,,,,1,7.0,7,0,0,0
Eric Tomlinson,2022,30,DEN,TE,87,17,12,13,9,79,8.8,2,5,69.2,18,0.5,4.6,69.2%,6.1,,,0,,,,,,,9,8.8,79,2,0,1
Eric Tomlinson,2024,32,LAC,TE,83,2,0,1,0,0,,0,,0.0,0,0.0,0.0,0.0%,0.0,,,0,,,,,,,,,,0,0,
Jake Tonges,2022,23,CHI,TE,46,4,0,1,0,0,,0,,0.0,0,0.0,0.0,0.0%,0.0,,,0,,,,,,,,,,0,0,0
Jake Tonges,2024,25,SFO,TE,88,2,0,,,,,0,,,,,,,,,,0,,,,,,,,,,0,0,
Robert Tonyan,2019,25,GNB,TE,85,11,1,15,10,100,10.0,1,4,46.7,28,0.9,9.1,66.7%,6.7,,,0,,,,,,,10,10.0,100,1,0,1
Robert Tonyan,2020,26,GNB,TE,85,16,8,59,52,586,11.3,11,33,74.6,45,3.3,36.6,88.1%,9.9,,,0,,,,,,,52,11.3,586,11,0,7
Robert Tonyan,2021,27,GNB,TE,85,8,5,29,18,204,11.3,2,10,44.8,33,2.3,25.5,62.1%,7.0,,,0,,,,,,,18,11.3,204,2,0,2
Robert Tonyan,2022,28,GNB,TE,85,17,3,67,53,470,8.9,2,20,53.7,24,3.1,27.6,79.1%,7.0,,,0,,,,,,,53,8.9,470,2,0,5
Robert Tonyan,2023,29,CHI,TE,18,17,6,17,11,112,10.2,0,6,47.1,24,0.6,6.6,64.7%,6.6,,,0,,,,,,,11,10.2,112,0,0,1
Adam Trautman,2020,23,NOR,TE,82,15,6,16,15,171,11.4,1,9,68.8,41,1.0,11.4,93.8%,10.7,,,0,,,,,,,15,11.4,171,1,0,2
Adam Trautman,2021,24,NOR,TE,82,13,10,43,27,263,9.7,2,13,46.5,32,2.1,20.2,62.8%,6.1,,,0,,,,,,,27,9.7,263,2,1,2
Adam Trautman,2022,25,NOR,TE,82,15,12,22,18,207,11.5,1,9,59.1,22,1.2,13.8,81.8%,9.4,,,0,,,,,,,18,11.5,207,1,0,2
Adam Trautman,2023,26,DEN,TE,82,17,12,35,22,204,9.3,3,10,51.4,24,1.3,12.0,62.9%,5.8,,,0,,,,,,,22,9.3,204,3,0,2
Adam Trautman,2024,27,DEN,TE,82,2,2,1,0,0,,0,,0.0,0,0.0,0.0,0.0%,0.0,,,0,,,,,,,,,,0,0,
Tommy Tremble,2021,21,CAR,TE,82,16,11,35,20,180,9.0,1,10,40.0,30,1.3,11.3,57.1%,5.1,3,11,1,1,66.7,7,3.7,0.7,0.2,23,8.3,191,2,0,1
Tommy Tremble,2022,22,CAR,TE,82,17,4,32,19,174,9.2,3,9,43.8,29,1.1,10.2,59.4%,5.4,,,0,,,,,,,19,9.2,174,3,1,2
Tommy Tremble,2023,23,CAR,TE,82,16,8,32,23,194,8.4,3,10,50.0,30,1.4,12.1,71.9%,6.1,,,0,,,,,,,23,8.4,194,3,0,1
Tommy Tremble,2024,24,CAR,TE,82,1,1,4,3,23,7.7,0,1,50.0,12,3.0,23.0,75.0%,5.8,,,0,,,,,,,3,7.7,23,0,0,
Cole Turner,2022,22,WAS,TE,85,10,2,9,2,23,11.5,0,1,11.1,18,0.2,2.3,22.2%,2.6,,,0,,,,,,,2,11.5,23,0,0,0
Cole Turner,2023,23,WAS,TE,85,12,1,15,11,120,10.9,0,4,60.0,29,0.9,10.0,73.3%,8.0,,,0,,,,,,,11,10.9,120,0,0,1
C.J. Uzomah,2019,26,CIN,TE,87,16,16,40,27,242,9.0,2,12,55.0,36,1.7,15.1,67.5%,6.1,,,0,,,,,,,27,9.0,242,2,0,2
C.J. Uzomah,2020,27,CIN,TE,87,2,2,11,8,87,10.9,1,6,63.6,23,4.0,43.5,72.7%,7.9,,,0,,,,,,,8,10.9,87,1,0,1
C.J. Uzomah,2021,28,CIN,TE,87,16,16,63,49,493,10.1,5,24,54.0,55,3.1,30.8,77.8%,7.8,,,0,,,,,,,49,10.1,493,5,0,4
C.J. Uzomah,2022,29,NYJ,TE,87,15,13,27,21,232,11.0,2,10,51.9,40,1.4,15.5,77.8%,8.6,,,0,,,,,,,21,11.0,232,2,0,2
C.J. Uzomah,2023,30,NYJ,TE,87,12,8,12,8,58,7.3,1,5,58.3,19,0.7,4.8,66.7%,4.8,,,0,,,,,,,8,7.3,58,1,0,0
Nick Vannett,2019,26,2TM,TE,,16,7,22,17,166,9.8,0,5,54.5,18,1.1,10.4,77.3%,7.5,,,0,,,,,,,17,9.8,166,0,0,1
Nick Vannett,2020,27,DEN,TE,88,15,11,21,14,95,6.8,1,6,47.6,19,0.9,6.3,66.7%,4.5,,,0,,,,,,,14,6.8,95,1,0,1
Nick Vannett,2021,28,NOR,TE,81,7,2,15,9,133,14.8,1,7,60.0,30,1.3,19.0,60.0%,8.9,,,0,,,,,,,9,14.8,133,1,0,1
Nick Vannett,2022,29,2TM,TE,,9,3,9,6,55,9.2,0,1,55.6,15,0.7,6.1,66.7%,6.1,,,0,,,,,,,6,9.2,55,0,0,0
Nick Vannett,2023,30,LAC,TE,83,8,5,1,1,3,3.0,0,1,100.0,3,0.1,0.4,100.0%,3.0,,,0,,,,,,,1,3.0,3,0,0,0
Nick Vannett,2024,31,TEN,TE,84,2,0,2,2,11,5.5,0,,50.0,8,1.0,5.5,100.0%,5.5,,,0,,,,,,,2,5.5,11,0,0,
Darren Waller,2019,27,OAK,TE,83,16,16,117,90,1145,12.7,3,53,64.1,75,5.6,71.6,76.9%,9.8,2,5,0,0,50.0,7,2.5,0.3,0.1,92,12.5,1150,3,1,8,AP CPoY-3
Darren Waller,2020,28,LVR,TE,83,16,15,145,107,1196,11.2,9,68,62.8,38,6.7,74.8,73.8%,8.2,,,0,,,,,,,107,11.2,1196,9,2,11,PB
Darren Waller,2021,29,LVR,TE,83,11,11,93,55,665,12.1,2,31,49.5,33,5.0,60.5,59.1%,7.2,,,0,,,,,,,55,12.1,665,2,0,5,
Darren Waller,2022,30,LVR,TE,83,9,6,43,28,388,13.9,3,18,46.5,34,3.1,43.1,65.1%,9.0,,,0,,,,,,,28,13.9,388,3,0,4,
Darren Waller,2023,31,NYG,TE,12,12,11,74,52,552,10.6,1,25,56.8,29,4.3,46.0,70.3%,7.5,,,0,,,,,,,52,10.6,552,1,0,4,
Darnell Washington,2023,22,PIT,TE,80,17,7,10,7,61,8.7,0,4,60.0,12,0.4,3.6,70.0%,6.1,,,0,,,,,,,7,8.7,61,0,0,1
Darnell Washington,2024,23,PIT,TE,80,2,1,2,2,10,5.0,1,1,100.0,5,1.0,5.0,100.0%,5.0,,,0,,,,,,,2,5.0,10,1,0,
David Wells,2021,26,ARI,TE,41,3,1,,,,,0,,,,,,,,,,0,,,,,,,,,,0,0,0
David Wells,2023,28,TAM,TE,89,5,0,2,2,-10,-5.0,0,1,50.0,1,0.4,-2.0,100.0%,-5.0,,,0,,,,,,,2,-5.0,-10,0,1,0
Trevon Wesco,2019,24,NYJ,FB,85,16,1,3,2,47,23.5,0,2,66.7,32,0.1,2.9,66.7%,15.7,1,2,0,1,100.0,2,2.0,0.1,0.1,3,16.3,49,0,0,0
Trevon Wesco,2020,25,NYJ,TE,85,12,4,2,1,5,5.0,0,,50.0,5,0.1,0.4,50.0%,2.5,1,0,0,,0.0,0,0.0,0.0,0.1,2,2.5,5,0,0,0
Trevon Wesco,2021,26,NYJ,TE,85,12,7,5,3,35,11.7,0,2,60.0,19,0.3,2.9,60.0%,7.0,,,0,,,,,,,3,11.7,35,0,0,0
Trevon Wesco,2022,27,CHI,TE,88,14,1,4,2,26,13.0,0,1,25.0,23,0.1,1.9,50.0%,6.5,,,0,,,,,,,2,13.0,26,0,0,0
Trevon Wesco,2023,28,TEN,TE,88,15,10,3,1,21,21.0,0,1,33.3,21,0.1,1.4,33.3%,7.0,,,0,,,,,,,1,21.0,21,0,0,0
Josh Whyle,2023,24,TEN,TE,81,11,3,15,9,94,10.4,1,8,60.0,24,0.8,8.5,60.0%,6.3,,,0,,,,,,,9,10.4,94,1,0,1
Josh Whyle,2024,25,TEN,TE,81,2,0,2,2,13,6.5,0,1,50.0,12,1.0,6.5,100.0%,6.5,,,0,,,,,,,2,6.5,13,0,0,
Mitchell Wilcox,2021,25,CIN,TE,84,15,1,5,3,16,5.3,0,,20.0,8,0.2,1.1,60.0%,3.2,,,0,,,,,,,3,5.3,16,0,0,0
Mitchell Wilcox,2022,26,CIN,TE,84,16,4,18,17,139,8.2,1,6,66.7,19,1.1,8.7,94.4%,7.7,,,0,,,,,,,17,8.2,139,1,0,1
Mitchell Wilcox,2023,27,CIN,TE,84,17,4,12,9,56,6.2,0,2,50.0,12,0.5,3.3,75.0%,4.7,,,0,,,,,,,9,6.2,56,0,0,1
Jared Wiley,2024,24,KAN,TE,12,2,1,1,1,7,7.0,0,,0.0,7,0.5,3.5,100.0%,7.0,,,0,,,,,,,1,7.0,7,0,0,
Rodney Williams,2023,25,PIT,TE,87,13,0,2,0,0,,0,,0.0,0,0.0,0.0,0.0%,0.0,,,0,,,,,,,,,,0,0
Charlie Woerner,2020,23,SFO,TE,89,14,0,4,3,36,12.0,0,2,50.0,18,0.2,2.6,75.0%,9.0,,,0,,,,,,,3,12.0,36,0,0,0
Charlie Woerner,2021,24,SFO,TE,89,17,3,6,5,52,10.4,0,3,50.0,27,0.3,3.1,83.3%,8.7,,,0,,,,,,,5,10.4,52,0,0,0
Charlie Woerner,2022,25,SFO,TE,89,17,2,2,0,0,,0,,0.0,0,0.0,0.0,0.0%,0.0,,,0,,,,,,,,,,0,0,0
Charlie Woerner,2023,26,SFO,TE,89,17,2,3,3,32,10.7,0,1,66.7,20,0.2,1.9,100.0%,10.7,,,0,,,,,,,3,10.7,32,0,0,0
Charlie Woerner,2024,27,ATL,TE,89,2,1,2,1,4,4.0,0,,0.0,4,0.5,2.0,50.0%,2.0,,,0,,,,,,,1,4.0,4,0,0,
Jelani Woods,2022,24,IND,TE,80,15,2,40,25,312,12.5,3,16,45.0,36,1.7,20.8,62.5%,7.8,,,0,,,,,,,25,12.5,312,3,1,2
Brock Wright,2021,23,DET,TE,89,10,5,17,12,117,9.8,2,6,47.1,36,1.2,11.7,70.6%,6.9,,,0,,,,,,,12,9.8,117,2,0,1
Brock Wright,2022,24,DET,TE,89,17,10,24,18,216,12.0,4,13,62.5,51,1.1,12.7,75.0%,9.0,,,0,,,,,,,18,12.0,216,4,0,2
Brock Wright,2023,25,DET,TE,89,14,4,14,13,91,7.0,1,2,64.3,25,0.9,6.5,92.9%,6.5,,,0,,,,,,,13,7.0,91,1,0,1
Brock Wright,2024,26,DET,TE,89,2,1,1,1,2,2.0,0,,100.0,2,0.5,1.0,100.0%,2.0,,,0,,,,,,,1,2.0,2,0,0,
Kenny Yeboah,2021,23,NYJ,TE,48,9,0,3,2,36,18.0,0,2,66.7,24,0.2,4.0,66.7%,12.0,,,0,,,,,,,2,18.0,36,0,0,0
Kenny Yeboah,2022,24,NYJ,TE,83,10,0,,,,,0,,,,,,,,,,0,,,,,,,,,,0,0,0
Kenny Yeboah,2023,25,NYJ,TE,88,5,1,4,2,28,14.0,0,1,50.0,20,0.4,5.6,50.0%,7.0,,,0,,,,,,,2,14.0,28,0,0,0
Shane Zylstra,2021,25,DET,TE,84,4,0,7,3,34,11.3,0,2,42.9,16,0.8,8.5,42.9%,4.9,,,0,,,,,,,3,11.3,34,0,0,0
Shane Zylstra,2022,26,DET,TE,84,13,2,15,11,60,5.5,4,6,46.7,14,0.8,4.6,73.3%,4.0,,,0,,,,,,,11,5.5,60,4,0,1
